id,name,x,y,zone
1,ABBOTT 0,-97.07641,31.87561399,8
2,ABILENE 1 0,-99.6384,32.50832835,1
3,ABILENE 1 1,-99.6204,32.50832835,1
4,ABILENE 1 2,-99.6204,32.4992201,1
5,ABILENE 1 3,-99.6204,32.49011094,1
6,ABILENE 1 4,-99.6438,32.49238831,1
7,ABILENE 2 0,-99.4748,32.61953587,1
8,ABILENE 2 1,-99.4568,32.61953587,1
9,ABILENE 2 2,-99.4802,32.61574558,1
10,ABILENE 3 0,-99.656323,32.57042155,1
11,ABILENE 4 0,-99.658488,32.32959331,1
12,ABILENE 5 0,-99.706894,32.45615983,1
13,ABILENE 6 0,-99.808314,32.35670113,1
14,ABILENE 7 0,-99.918724,32.32746716,1
15,ADDISON 0,-96.834922,32.9576305,9
16,ADKINS 0,-98.234708,29.35104273,24
17,ALBANY 1 0,-99.4048,32.76224556,6
18,ALBANY 1 1,-99.3868,32.76224556,6
19,ALBANY 1 2,-99.4048,32.75013544,6
20,ALBANY 1 3,-99.3868,32.75013544,6
21,ALBANY 1 4,-99.4048,32.74105177,6
22,ALBANY 1 5,-99.4102,32.75543382,6
23,ALBANY 2 0,-99.23284,32.78407804,6
24,ALEDO 1 0,-97.507,32.71817698,12
25,ALEDO 1 1,-97.4998,32.71817698,12
26,ALEDO 1 2,-97.50916,32.71423942,12
27,ALEDO 2 0,-97.627882,32.6932843,12
28,ALICE 0,-98.06672,27.65354264,7
29,ALLEN 1 0,-96.603447,33.08717405,9
30,ALLEN 1 1,-96.599127,33.08717405,9
31,ALLEN 2 0,-96.690364,33.11191473,9
32,ALPINE 0,-103.21336,29.79584602,11
33,ALTO 0,-95.05309,31.60681822,26
34,ALVARADO 0,-97.192767,32.41251271,12
35,ALVIN 0,-95.18288,29.42249149,13
36,ALVIN 1,-95.17856,29.42249149,13
37,ALVIN 2,-95.17856,29.41621995,13
38,ALVORD 0,-97.660953,33.36641998,18
39,ANDERSON 0,-96.002435,30.52178486,2
40,ANDREWS 0,-102.688303,32.32964531,11
41,ANGLETON 0,-95.439288,29.16863423,13
42,ANGLETON 1,-95.428488,29.16863423,13
43,ANNA 0,-96.374879,33.31932744,9
44,ANNONA 0,-94.881845,33.49221669,22
45,ANSON 0,-99.896394,32.74180717,1
46,ARANSAS PASS 0,-97.083196,27.86666312,7
47,ARCHER 1 0,-98.491,33.48927349,22
48,ARCHER 1 1,-98.4964,33.48251791,22
49,ARCHER 2 0,-98.572944,33.48705133,22
50,ARCHER 2 1,-98.578344,33.48029558,22
51,ARCHER CITY 0,-98.875782,33.52139371,22
52,ARGYLE 0,-97.170182,33.11226274,12
53,ARLINGTON 1 0,-97.13489,32.77267146,12
54,ARLINGTON 1 1,-97.12769,32.77267146,12
55,ARLINGTON 1 2,-97.13705,32.76752546,12
56,ARLINGTON 1 3,-97.13705,32.76631459,12
57,ARLINGTON 1 4,-97.13705,32.76510371,12
58,ARLINGTON 1 5,-97.13705,32.76389281,12
59,ARLINGTON 1 6,-97.13705,32.7626819,12
60,ARLINGTON 10 0,-97.18553,32.68679812,12
61,ARLINGTON 11 0,-97.213876,32.63722378,12
62,ARLINGTON 2 0,-97.035829,32.58878347,12
63,ARLINGTON 3 0,-97.076639,32.72042104,12
64,ARLINGTON 4 0,-97.079596,32.75184989,12
65,ARLINGTON 5 0,-97.082917,32.6896812,12
66,ARLINGTON 6 0,-97.096452,32.78253073,12
67,ARLINGTON 7 0,-97.129704,32.6897622,12
68,ARLINGTON 8 0,-97.145229,32.63313767,12
69,ARLINGTON 9 0,-97.151428,32.71690494,12
70,ARMSTRONG 1 0,-97.5814,26.99468463,7
71,ARMSTRONG 1 1,-97.5634,26.99468463,7
72,ARMSTRONG 1 2,-97.5868,26.97463425,7
73,ARMSTRONG 2 0,-97.764774,26.9045935,20
74,ARP 0,-95.068715,32.26145173,26
75,ARTHUR CITY 0,-95.640137,33.85188875,22
76,ASPERMONT 0,-100.236133,33.17703792,21
77,ATASCOSA 0,-98.733667,29.28052299,23
78,ATHENS 1 0,-95.798608,32.23791815,26
79,ATHENS 2 0,-95.897047,32.08824814,26
80,AUBREY 0,-96.986519,33.27104111,12
81,AUSTIN 1 0,-97.838266,30.39486686,3
82,AUSTIN 1 1,-97.833946,30.39486686,3
83,AUSTIN 1 2,-97.833946,30.3898984,3
84,AUSTIN 10 0,-97.682122,30.3017785,3
85,AUSTIN 11 0,-97.700694,30.3293322,3
86,AUSTIN 12 0,-97.703253,30.38549562,3
87,AUSTIN 13 0,-97.710482,30.22798663,3
88,AUSTIN 14 0,-97.711096,30.29369318,3
89,AUSTIN 15 0,-97.714196,30.42745369,3
90,AUSTIN 16 0,-97.720203,30.27968594,3
91,AUSTIN 17 0,-97.728971,30.3490527,3
92,AUSTIN 18 0,-97.736369,30.12447501,3
93,AUSTIN 19 0,-97.736567,30.31974395,3
94,AUSTIN 2 0,-97.6057,30.2073111,3
95,AUSTIN 2 1,-97.5985,30.2073111,3
96,AUSTIN 2 2,-97.5985,30.20233313,3
97,AUSTIN 2 3,-97.60786,30.20451102,3
98,AUSTIN 2 4,-97.60786,30.20326652,3
99,AUSTIN 2 5,-97.60786,30.20202199,3
100,AUSTIN 2 6,-97.60786,30.20077746,3
101,AUSTIN 20 0,-97.738989,30.26808164,3
102,AUSTIN 21 0,-97.744712,30.48989728,3
103,AUSTIN 22 0,-97.751744,30.45591342,3
104,AUSTIN 23 0,-97.757464,30.40017,3
105,AUSTIN 24 0,-97.761481,30.24054395,3
106,AUSTIN 25 0,-97.76245,30.29078122,3
107,AUSTIN 26 0,-97.764536,30.34575061,3
108,AUSTIN 27 0,-97.7931,30.20435503,3
109,AUSTIN 27 1,-97.78878,30.20435503,3
110,AUSTIN 28 0,-97.798945,30.4160734,3
111,AUSTIN 29 0,-97.820398,30.16462003,3
112,AUSTIN 3 0,-97.791608,30.29093722,3
113,AUSTIN 3 1,-97.784408,30.29093722,3
114,AUSTIN 3 2,-97.784408,30.28596348,3
115,AUSTIN 3 3,-97.793768,30.28689607,3
116,AUSTIN 3 4,-97.793768,30.28565261,3
117,AUSTIN 30 0,-97.836485,30.42826571,3
118,AUSTIN 31 0,-97.852406,30.21367927,3
119,AUSTIN 32 0,-97.86559,30.26565058,3
120,AUSTIN 33 0,-97.881151,30.31853892,3
121,AUSTIN 34 0,-97.885062,30.17592931,3
122,AUSTIN 35 0,-97.891423,30.37540437,3
123,AUSTIN 36 0,-97.947609,30.37586538,3
124,AUSTIN 37 0,-97.954624,30.31726189,3
125,AUSTIN 38 0,-97.955835,30.2585964,3
126,AUSTIN 39 0,-98.029973,30.10942363,3
127,AUSTIN 4 0,-97.614167,30.29461232,3
128,AUSTIN 5 0,-97.641082,30.3531718,3
129,AUSTIN 6 0,-97.6556,30.23986593,3
130,AUSTIN 7 0,-97.669867,30.37999648,3
131,AUSTIN 8 0,-97.679957,30.26748163,3
132,AUSTIN 9 0,-97.680675,30.18130845,3
133,AXTELL 0,-96.946129,31.65491839,8
134,AZLE 0,-97.557579,32.89777787,12
135,BACLIFF 0,-94.983647,29.50465552,10
136,BAGWELL 0,-95.142966,33.79588483,22
137,BAIRD 0,-99.189272,32.33506868,6
138,BALCH SPRINGS 0,-96.616485,32.71417787,9
139,BALLINGER 0,-99.925162,31.73245251,1
140,BANDERA 0,-99.086171,29.70096811,23
141,BANGS 0,-99.142374,31.70007837,6
142,BARDWELL 0,-96.743827,32.20503095,8
143,BARTLETT 0,-97.282628,30.7830686,28
144,BASTROP 0,-97.2528,30.13937359,4
145,BASTROP 1,-97.2348,30.13937359,4
146,BASTROP 2,-97.2348,30.12691959,4
147,BASTROP 3,-97.2582,30.13236841,4
148,BASTROP 4,-97.2582,30.12925483,4
149,BASTROP 5,-97.2582,30.12614116,4
150,BASTROP 6,-97.2582,30.12302739,4
151,BASTROP 7,-97.2582,30.11991352,4
152,BAY CITY 0,-95.82845,28.7821687,5
153,BAY CITY 1,-95.81765,28.7821687,5
154,BAYTOWN 1 0,-94.9067,29.67189767,10
155,BAYTOWN 1 1,-94.8995,29.67189767,10
156,BAYTOWN 1 2,-94.8995,29.66689283,10
157,BAYTOWN 1 3,-94.90886,29.66783126,10
158,BAYTOWN 1 4,-94.90886,29.66658002,10
159,BAYTOWN 1 5,-94.90886,29.66532877,10
160,BAYTOWN 1 6,-94.90886,29.6640775,10
161,BAYTOWN 1 7,-94.90886,29.66282621,10
162,BAYTOWN 1 8,-94.90886,29.66157491,10
163,BAYTOWN 2 0,-94.8947,29.77060013,10
164,BAYTOWN 2 1,-94.8875,29.77060013,10
165,BAYTOWN 2 2,-94.8875,29.76560021,10
166,BAYTOWN 2 3,-94.89686,29.76778771,10
167,BAYTOWN 2 4,-94.89686,29.76653771,10
168,BAYTOWN 2 5,-94.89686,29.76528771,10
169,BAYTOWN 2 6,-94.89686,29.76403768,10
170,BAYTOWN 3 0,-94.990077,29.75101664,10
171,BAYTOWN 3 1,-94.982877,29.75101664,10
172,BAYTOWN 3 2,-94.992237,29.74570318,10
173,BAYTOWN 3 3,-94.992237,29.74445291,10
174,BAYTOWN 3 4,-94.992237,29.74320263,10
175,BAYTOWN 3 5,-94.992237,29.74195233,10
176,BAYTOWN 3 6,-94.992237,29.74070202,10
177,BAYTOWN 3 7,-94.992237,29.73945169,10
178,BAYTOWN 4 0,-94.861724,29.8691956,10
179,BEASLEY 0,-95.962634,29.46189846,5
180,BEDFORD 1 0,-97.126843,32.85055158,12
181,BEDFORD 2 0,-97.141557,32.82823797,12
182,BEEVILLE 0,-97.70162,28.4013788,7
183,BELLS 0,-96.418874,33.6176494,22
184,BELLVILLE 0,-96.243942,29.98088061,25
185,BELTON 0,-97.489109,31.04551954,28
186,BELTON 1,-97.478309,31.04551954,28
187,BEN WHEELER 0,-95.652983,32.42190052,26
188,BERGHEIM 0,-98.552846,29.90076539,23
189,BERTRAM 0,-98.04158,30.77082048,3
190,BIG LAKE 0,-101.163783,31.2663969,11
191,BIG SPRING 1 0,-101.1077,31.98639335,11
192,BIG SPRING 1 1,-101.1131,31.97341537,11
193,BIG SPRING 2 0,-101.2893,31.9299896,11
194,BIG SPRING 3 0,-101.442385,32.09472357,11
195,BIG SPRING 3 1,-101.447785,32.08786123,11
196,BIG SPRING 4 0,-101.293637,31.98533528,11
197,BIG SPRING 4 1,-101.299037,31.97846474,11
198,BIG SPRING 5 0,-101.379333,32.20140771,11
199,BIG SPRING 5 1,-101.384733,32.19150686,11
200,BIG SPRING 6 0,-101.413436,32.26709411,11
201,BIG SPRING 6 1,-101.418836,32.25720042,11
202,BIG SPRING 6 2,-101.418836,32.25415599,11
203,BIG SPRING 7 0,-101.356434,32.09681171,11
204,BIG SPRINGS 0,-101.211,32.03289645,11
205,BIG SPRINGS 1,-101.2164,32.02602947,11
206,BISHOP 0,-97.8138,27.56331739,7
207,BISHOP 1,-97.8192,27.5497531,7
208,BLACKWELL 0,-100.2596,32.19200708,1
209,BLACKWELL 1,-100.265,32.17905826,1
210,BLANCO 0,-98.557548,30.17668995,23
211,BLESSING 0,-96.344868,28.85157391,5
212,BLOOMING GROVE 0,-96.714661,32.11682905,8
213,BLOOMINGTON 0,-96.785157,28.68924609,27
214,BOERNE 1 0,-98.64667,29.7451825,23
215,BOERNE 2 0,-98.701955,29.85671928,23
216,BOERNE 2 1,-98.697635,29.85671928,23
217,BONHAM 0,-96.231654,33.7023213,22
218,BOWIE 0,-97.94712,33.51456924,22
219,BOYD 0,-97.593483,33.03952774,12
220,BRACKETTVILLE 1 0,-100.374889,29.32261169,16
221,BRACKETTVILLE 1 1,-100.380289,29.31554924,16
222,BRACKETTVILLE 2 0,-100.200167,29.2284389,16
223,BRACKETTVILLE 2 1,-100.205567,29.21822804,16
224,BRACKETTVILLE 3 0,-100.430985,29.3893478,16
225,BRADY 0,-99.607412,31.17079068,16
226,BRAZORIA 0,-95.549277,28.95427215,13
227,BRECKENRIDGE 0,-98.883466,32.79822001,6
228,BREMOND 0,-96.68423,31.08575915,2
229,BREMOND 1,-96.67343,31.08575915,2
230,BREMOND 2,-96.67343,31.07650963,2
231,BRENHAM 0,-96.399472,30.20885298,4
232,BRENHAM 1,-96.388672,30.20885298,4
233,BRENHAM 2,-96.399472,30.19951921,4
234,BRIDGEPORT 0,-97.9028,33.19037484,18
235,BRIDGEPORT 1,-97.8848,33.19037484,18
236,BRIDGEPORT 2,-97.9082,33.18359604,18
237,BRIDGEPORT 3,-97.9082,33.18058308,18
238,BRIDGEPORT 4,-97.9082,33.17757001,18
239,BRIDGEPORT 5,-97.9082,33.17455683,18
240,BRIDGEPORT 6,-97.9082,33.17154355,18
241,BRIDGEPORT 7,-97.9082,33.16853017,18
242,BRIDGEPORT 8,-97.9082,33.16551668,18
243,BROOKSHIRE 0,-95.973502,29.84596502,17
244,BROWNSVILLE 1 0,-97.5106,25.90662373,20
245,BROWNSVILLE 1 1,-97.4998,25.90662373,20
246,BROWNSVILLE 2 0,-97.307144,25.93744842,20
247,BROWNSVILLE 2 1,-97.296344,25.93744842,20
248,BROWNSVILLE 3 0,-97.434582,25.9824699,20
249,BROWNWOOD 0,-99.022091,31.74218015,6
250,BROWNWOOD 1,-99.011291,31.74218015,6
251,BRUNI 1 0,-98.894478,27.56972876,19
252,BRUNI 1 1,-98.883678,27.56972876,19
253,BRUNI 2 0,-98.987708,27.35873553,19
254,BRYAN 1 0,-96.45,30.71551026,2
255,BRYAN 1 1,-96.4392,30.71551026,2
256,BRYAN 1 2,-96.45,30.7062249,2
257,BRYAN 2 0,-96.363316,30.64121549,2
258,BRYAN 3 0,-96.303084,30.79155114,2
259,BRYAN 4 0,-96.313612,30.65505838,2
260,BRYAN 5 0,-96.539436,30.73681563,2
261,BRYSON 1 0,-98.347069,33.19977649,18
262,BRYSON 1 1,-98.329069,33.19977649,18
263,BRYSON 1 2,-98.352469,33.19299842,18
264,BRYSON 2 0,-98.373374,33.27040635,18
265,BUCHANAN DAM 1 0,-98.376422,30.72540989,16
266,BUCHANAN DAM 1 1,-98.381822,30.71844667,16
267,BUCHANAN DAM 1 2,-98.381822,30.71535175,16
268,BUCHANAN DAM 2 0,-98.458066,30.93059211,16
269,BUCKHOLTS 0,-97.139898,30.84647168,4
270,BUDA 0,-97.834412,30.07602179,3
271,BUFFALO 0,-96.000175,31.46758707,2
272,BULLARD 0,-95.338503,32.10664137,26
273,BULVERDE 0,-98.449625,29.76696604,23
274,BURKBURNETT 0,-98.613467,34.09731099,22
275,BURLESON 0,-97.302227,32.53023788,12
276,BURLESON 1,-97.297907,32.53023788,12
277,BURLINGTON 0,-97.11169,31.01466154,4
278,BURNET 0,-98.272225,30.79453334,3
279,BURNET 1,-98.261425,30.79453334,3
280,CADDO MILLS 0,-96.218534,33.06387041,9
281,CALDWELL 0,-96.665432,30.53536372,4
282,CALDWELL 1,-96.654632,30.53536372,4
283,CALVERT 0,-96.679981,30.9969374,2
284,CAMERON 0,-96.898601,30.88495016,4
285,CAMP WOOD 0,-100.069588,29.66844408,16
286,CANTON 0,-95.879865,32.5120746,26
287,CANYON LAKE 0,-98.224631,29.96864409,24
288,CARRIZO SPRINGS 0,-99.49948,28.51857682,19
289,CARROLLTON 1 0,-96.87094,33.04774997,9
290,CARROLLTON 2 0,-96.893142,33.00284674,9
291,CARROLLTON 3 0,-96.89457,32.96005657,9
292,CEDAR CREEK 1 0,-97.5428,30.14330949,3
293,CEDAR CREEK 1 1,-97.5356,30.14330949,3
294,CEDAR CREEK 1 2,-97.5356,30.1395736,3
295,CEDAR CREEK 1 3,-97.54496,30.13926227,3
296,CEDAR CREEK 1 4,-97.54496,30.13801694,3
297,CEDAR CREEK 1 5,-97.54496,30.13677159,3
298,CEDAR CREEK 2 0,-97.491504,30.09160618,3
299,CEDAR HILL 0,-96.961075,32.57775417,12
300,CEDAR PARK 0,-97.81988,30.50146758,3
301,CEDAR PARK 1,-97.81556,30.50146758,3
302,CEDAR PARK 2,-97.81988,30.49774532,3
303,CELINA 0,-96.749377,33.33649292,9
304,CENTERVILLE 0,-95.925344,31.13028904,2
305,CHANDLER 0,-95.512442,32.26534799,26
306,CHANNELVIEW 1 0,-95.10053,29.81360121,10
307,CHANNELVIEW 1 1,-95.09333,29.81360121,10
308,CHANNELVIEW 1 10,-95.10269,29.80204347,10
309,CHANNELVIEW 1 11,-95.10269,29.80079391,10
310,CHANNELVIEW 1 12,-95.10269,29.79954433,10
311,CHANNELVIEW 1 13,-95.10269,29.79829473,10
312,CHANNELVIEW 1 2,-95.09333,29.80610445,10
313,CHANNELVIEW 1 3,-95.10269,29.81078999,10
314,CHANNELVIEW 1 4,-95.10269,29.80954053,10
315,CHANNELVIEW 1 5,-95.10269,29.80829106,10
316,CHANNELVIEW 1 6,-95.10269,29.80704158,10
317,CHANNELVIEW 1 7,-95.10269,29.80579207,10
318,CHANNELVIEW 1 8,-95.10269,29.80454256,10
319,CHANNELVIEW 1 9,-95.10269,29.80329302,10
320,CHANNELVIEW 2 0,-95.047291,29.83004062,10
321,CHAPPELL HILL 0,-96.249442,30.11607212,4
322,CHARLOTTE 0,-98.708634,28.78460485,19
323,CHEROKEE 0,-99.070893,30.9336443,16
324,CHICO 0,-97.848678,33.30986608,18
325,CHILDRESS 0,-100.800848,34.44128833,21
326,CHINA SPRING 0,-97.316271,31.68782056,28
327,CHRISTINE 0,-98.4667,28.69808462,19
328,CHRISTINE 1,-98.4559,28.69808462,19
329,CHRISTINE 2,-98.4559,28.69176886,19
330,CHRISTOVAL 0,-100.66082,31.07926873,1
331,CHRISTOVAL 1,-100.64282,31.07926873,1
332,CHRISTOVAL 2,-100.66622,31.0723312,1
333,CIBOLO 0,-98.216952,29.5724992,24
334,CISCO 0,-99.155736,32.54993516,6
335,CLARKSVILLE 0,-94.988258,33.65707015,22
336,CLEBURNE 1 0,-97.32394,32.3901561,12
337,CLEBURNE 2 0,-97.499356,32.27057534,14
338,CLIFTON 1 0,-97.3577,31.86328517,14
339,CLIFTON 1 1,-97.3631,31.8564055,14
340,CLIFTON 2 0,-97.537568,31.8109437,14
341,CLYDE 0,-99.509879,32.26031166,6
342,COAHOMA 0,-101.237784,32.87346413,11
343,COLEMAN 0,-99.558791,31.7307784,1
344,COLLEGE STATION 1 0,-96.261783,30.55518499,2
345,COLLEGE STATION 1 1,-96.250983,30.55518499,2
346,COLLEGE STATION 2 0,-96.315184,30.60289604,2
347,COLLEGE STATION 2 1,-96.304384,30.60289604,2
348,COLLEYVILLE 0,-97.146041,32.88936864,12
349,COLLINSVILLE 0,-96.897575,33.53170443,22
350,COLORADO CITY 0,-100.909356,32.30841988,1
351,COLUMBUS 0,-96.41466,29.68972441,4
352,COLUMBUS 1,-96.40386,29.68972441,4
353,COMANCHE 0,-98.605553,31.88498761,6
354,COMFORT 0,-98.895706,29.96607468,23
355,COMMERCE 0,-95.779968,33.3102521,9
356,COMO 0,-95.451935,33.00815234,26
357,CONROE 1 0,-95.308797,30.28335303,25
358,CONROE 2 0,-95.335211,30.21936441,25
359,CONROE 3 0,-95.36814,30.3717423,25
360,CONROE 4 0,-95.412691,30.18570456,25
361,CONROE 5 0,-95.434228,30.30488858,25
362,CONROE 5 1,-95.429908,30.30488858,25
363,CONROE 6 0,-95.492081,30.23135671,25
364,CONROE 7 0,-95.501408,30.32206001,25
365,CONVERSE 0,-98.287874,29.48526704,24
366,COOKVILLE 0,-94.848848,33.23593898,26
367,COOLIDGE 0,-96.751043,31.65496739,8
368,COOPER 0,-95.748461,33.45621119,9
369,COPPELL 0,-96.981064,32.96100059,12
370,COPPERAS COVE 0,-97.957424,31.21288742,28
371,COPPERAS COVE 1,-97.946624,31.21288742,28
372,CORPUS CHRISTI 1 0,-97.4463,27.8139,7
373,CORPUS CHRISTI 1 1,-97.4283,27.8139,7
374,CORPUS CHRISTI 1 2,-97.4517,27.80673557,7
375,CORPUS CHRISTI 1 3,-97.4517,27.80355123,7
376,CORPUS CHRISTI 1 4,-97.4517,27.8003668,7
377,CORPUS CHRISTI 1 5,-97.4517,27.79718227,7
378,CORPUS CHRISTI 10 0,-97.390135,27.76164996,7
379,CORPUS CHRISTI 11 0,-97.397289,27.676901,7
380,CORPUS CHRISTI 12 0,-97.427501,27.72014237,7
381,CORPUS CHRISTI 13 0,-97.436974,27.76787932,7
382,CORPUS CHRISTI 14 0,-97.436795,27.84635494,7
383,CORPUS CHRISTI 15 0,-97.47222,27.72051077,7
384,CORPUS CHRISTI 16 0,-97.470816,27.65149252,7
385,CORPUS CHRISTI 17 0,-97.509791,27.76486615,7
386,CORPUS CHRISTI 18 0,-97.587306,27.83188007,7
387,CORPUS CHRISTI 2 0,-97.5191,27.82583272,7
388,CORPUS CHRISTI 2 1,-97.5245,27.80593256,7
389,CORPUS CHRISTI 3 0,-97.2937,27.58087586,7
390,CORPUS CHRISTI 3 1,-97.2757,27.58087586,7
391,CORPUS CHRISTI 3 2,-97.2991,27.56731374,7
392,CORPUS CHRISTI 3 3,-97.2991,27.56412241,7
393,CORPUS CHRISTI 3 4,-97.2991,27.56093098,7
394,CORPUS CHRISTI 3 5,-97.2991,27.55773947,7
395,CORPUS CHRISTI 4 0,-97.260242,27.62074173,7
396,CORPUS CHRISTI 5 0,-97.260443,27.6887757,7
397,CORPUS CHRISTI 6 0,-97.328845,27.69719819,7
398,CORPUS CHRISTI 7 0,-97.355165,27.65613679,7
399,CORPUS CHRISTI 8 0,-97.376247,27.72352073,7
400,CORPUS CHRISTI 9 0,-97.383456,27.81305097,7
401,CORSICANA 1 0,-96.341943,32.03708973,8
402,CORSICANA 2 0,-96.621747,32.05183571,8
403,CORSICANA 2 1,-96.610947,32.05183571,8
404,COTULLA 0,-99.205344,28.28683297,19
405,CRANE 0,-102.587253,31.18072832,11
406,CROCKETT 0,-95.246739,31.18273845,2
407,CROSBY 0,-95.053587,29.93037613,10
408,CROSBYTON 0,-100.981114,33.76849392,21
409,CROSS PLAINS 0,-99.281758,32.00081931,6
410,CRYSTAL CITY 0,-99.553652,28.88244378,19
411,CUERO 1 0,-97.316636,29.12342446,15
412,CUERO 1 1,-97.322036,29.11634828,15
413,CUERO 1 2,-97.322036,29.11320315,15
414,CUERO 1 3,-97.322036,29.11005792,15
415,CUERO 1 4,-97.322036,29.1069126,15
416,CUERO 1 5,-97.322036,29.10376719,15
417,CUERO 1 6,-97.322036,29.10062167,15
418,CUERO 1 7,-97.322036,29.09747606,15
419,CUERO 1 8,-97.322036,29.09433036,15
420,CUERO 1 9,-97.322036,29.09118456,15
421,CUERO 2 0,-97.271613,29.09074347,15
422,CUERO 2 1,-97.260813,29.09074347,15
423,CUMBY 0,-95.794234,33.09206409,26
424,CUSHING 1 0,-94.88264,31.8260147,26
425,CUSHING 1 1,-94.86464,31.8260147,26
426,CUSHING 1 2,-94.88804,31.81607322,26
427,CUSHING 2 0,-94.84534,31.79012932,26
428,CYPRESS 1 0,-95.665124,29.99528076,25
429,CYPRESS 1 1,-95.660804,29.99528076,25
430,CYPRESS 1 2,-95.665124,29.98904488,25
431,CYPRESS 2 0,-95.74403,29.93183417,17
432,D HANIS 0,-99.320182,29.279005,23
433,DALE 0,-97.564694,29.93757031,3
434,DALLAS 1 0,-96.637244,32.64618602,9
435,DALLAS 1 1,-96.630044,32.64618602,9
436,DALLAS 1 2,-96.639404,32.64224529,9
437,DALLAS 1 3,-96.639404,32.64103272,9
438,DALLAS 1 4,-96.639404,32.63982014,9
439,DALLAS 1 5,-96.639404,32.63860754,9
440,DALLAS 1 6,-96.639404,32.63739492,9
441,DALLAS 1 7,-96.639404,32.63618229,9
442,DALLAS 1 8,-96.639404,32.63496964,9
443,DALLAS 1 9,-96.639404,32.63375698,9
444,DALLAS 10 0,-96.742351,32.82623092,9
445,DALLAS 11 0,-96.742762,32.76821334,9
446,DALLAS 12 0,-96.743939,32.87106614,9
447,DALLAS 13 0,-96.753246,32.74817979,9
448,DALLAS 14 0,-96.755851,32.66302248,9
449,DALLAS 15 0,-96.767591,32.82885899,9
450,DALLAS 16 0,-96.769163,32.78402197,9
451,DALLAS 17 0,-96.777615,32.70890072,9
452,DALLAS 18 0,-96.783896,32.92187713,9
453,DALLAS 19 0,-96.784613,32.99495752,9
454,DALLAS 2 0,-96.9286,32.72067704,12
455,DALLAS 2 1,-96.9214,32.72067704,12
456,DALLAS 2 2,-96.93076,32.71552804,12
457,DALLAS 2 3,-96.93076,32.71431647,12
458,DALLAS 2 4,-96.93076,32.71310488,12
459,DALLAS 20 0,-96.785252,32.79971119,9
460,DALLAS 21 0,-96.786759,32.8624679,9
461,DALLAS 22 0,-96.789793,32.90026093,9
462,DALLAS 23 0,-96.791914,32.83347311,9
463,DALLAS 24 0,-96.793734,32.96728277,9
464,DALLAS 25 0,-96.79579,32.7853208,9
465,DALLAS 26 0,-96.798192,32.94220508,9
466,DALLAS 27 0,-96.799081,32.74440069,9
467,DALLAS 28 0,-96.809303,32.80942646,9
468,DALLAS 29 0,-96.816371,32.78437478,9
469,DALLAS 3 0,-96.674229,32.7078827,9
470,DALLAS 3 1,-96.669909,32.7078827,9
471,DALLAS 30 0,-96.821874,32.84589045,9
472,DALLAS 31 0,-96.8332,32.92286555,9
473,DALLAS 32 0,-96.834991,32.70898173,9
474,DALLAS 33 0,-96.836013,32.75071886,9
475,DALLAS 34 0,-96.837348,32.65843735,9
476,DALLAS 35 0,-96.838088,32.99689358,9
477,DALLAS 36 0,-96.860739,32.89087668,9
478,DALLAS 37 0,-96.868289,32.70148952,12
479,DALLAS 38 0,-96.869456,32.66319348,12
480,DALLAS 39 0,-96.872518,32.86611,9
481,DALLAS 4 0,-96.675838,32.82250381,9
482,DALLAS 40 0,-96.874436,32.8111555,9
483,DALLAS 41 0,-96.875231,32.77882462,12
484,DALLAS 42 0,-96.888121,32.9207715,9
485,DALLAS 43 0,-96.932965,32.67381377,12
486,DALLAS 44 0,-96.961022,32.63365168,12
487,DALLAS 5 0,-96.685721,32.76469724,9
488,DALLAS 6 0,-96.698974,32.83956728,9
489,DALLAS 7 0,-96.704219,32.87607827,9
490,DALLAS 8 0,-96.733037,32.91021521,9
491,DALLAS 9 0,-96.740403,32.78982292,9
492,DAMON 0,-95.664062,29.25736542,5
493,DANBURY 0,-95.310719,29.22901473,13
494,DAWSON 0,-96.646804,31.86083801,8
495,DAYTON 0,-94.917674,30.05194318,10
496,DAYTON 1,-94.913354,30.05194318,10
497,DE LEON 0,-98.543257,32.29250782,6
498,DECATUR 0,-97.505178,33.27029935,12
499,DEER PARK 0,-95.121656,29.72068389,10
500,DEER PARK 1,-95.114456,29.72068389,10
501,DEER PARK 10,-95.123816,29.70911543,10
502,DEER PARK 11,-95.123816,29.70786471,10
503,DEER PARK 2,-95.114456,29.71443083,10
504,DEER PARK 3,-95.123816,29.71787006,10
505,DEER PARK 4,-95.123816,29.71661945,10
506,DEER PARK 5,-95.123816,29.71536882,10
507,DEER PARK 6,-95.123816,29.71411817,10
508,DEER PARK 7,-95.123816,29.71286751,10
509,DEER PARK 8,-95.123816,29.71161683,10
510,DEER PARK 9,-95.123816,29.71036614,10
511,DEL RIO 0,-101.201636,29.83097422,16
512,DEL RIO 1,-101.190836,29.83097422,16
513,DEL VALLE 0,-97.603712,30.14849462,3
514,DENISON 1 0,-96.461794,33.72113761,22
515,DENISON 2 0,-96.595061,33.76479966,22
516,DENTON 1 0,-97.0989,33.19509002,12
517,DENTON 1 1,-97.0917,33.19509002,12
518,DENTON 1 2,-97.10106,33.18996858,12
519,DENTON 1 3,-97.10106,33.1887635,12
520,DENTON 2 0,-97.051533,33.20640133,12
521,DENTON 3 0,-97.092416,33.1470557,12
522,DENTON 4 0,-97.106282,33.22915995,12
523,DENTON 5 0,-97.142438,33.21856466,12
524,DENTON 6 0,-97.180244,33.22528585,12
525,DEPORT 0,-95.311088,33.47664061,22
526,DESOTO 0,-96.860475,32.59700069,12
527,DEVINE 0,-99.159888,29.12954784,23
528,DIBOLL 0,-94.749734,31.18077333,26
529,DICKINSON 0,-95.027451,29.45425828,10
530,DIKE 0,-95.46342,33.25520431,26
531,DILLEY 0,-99.182188,28.69708056,19
532,DODD CITY 0,-96.063156,33.60954284,22
533,DONNA 0,-98.049657,26.15543745,20
534,DRIPPING SPRINGS 0,-98.131215,30.22164547,3
535,DUBLIN 1 0,-98.467111,32.3325275,6
536,DUBLIN 1 1,-98.472511,32.32568308,6
537,DUBLIN 2 0,-98.33962,32.06919987,14
538,DUNCANVILLE 1 0,-96.908282,32.65823535,12
539,DUNCANVILLE 2 0,-96.912868,32.64078688,12
540,DYESS AFB 0,-99.89723,32.4097447,1
541,EAGLE LAKE 0,-96.375508,29.39117391,5
542,EAGLE PASS 0,-100.266088,28.47006691,19
543,EAGLE PASS 1,-100.255288,28.47006691,19
544,EARLY 0,-98.796134,31.83644839,6
545,EAST BERNARD 0,-96.209695,29.51595262,5
546,EASTLAND 0,-98.65502,32.4898021,6
547,ECTOR 0,-96.273897,33.54751953,22
548,EDCOUCH 0,-97.97128,26.36809027,20
549,EDEN 0,-99.887212,31.21660666,16
550,EDGEWOOD 0,-95.845461,32.70895494,26
551,EDINBURG 1 0,-98.083002,26.44503057,20
552,EDINBURG 2 0,-98.174295,26.27423304,20
553,EDINBURG 3 0,-98.267935,26.44392251,20
554,EDNA 0,-96.680715,29.03612013,27
555,EL CAMPO 0,-96.269785,29.20604352,5
556,EL CAMPO 1,-96.258985,29.20604352,5
557,ELDORADO 0,-100.586464,30.87735967,16
558,ELECTRA 0,-99.097624,34.12572799,21
559,ELGIN 0,-97.357624,30.33609837,3
560,ELKHART 0,-95.57434,31.6005608,2
561,ELM MOTT 0,-97.064707,31.69049273,28
562,ELMENDORF 0,-98.3753,29.25418735,24
563,ELMENDORF 1,-98.3681,29.25418735,24
564,ELMENDORF 10,-98.37746,29.24005251,24
565,ELMENDORF 2,-98.3681,29.24916185,24
566,ELMENDORF 3,-98.37746,29.24884775,24
567,ELMENDORF 4,-98.37746,29.24759133,24
568,ELMENDORF 5,-98.37746,29.2463349,24
569,ELMENDORF 6,-98.37746,29.24507845,24
570,ELMENDORF 7,-98.37746,29.24382199,24
571,ELMENDORF 8,-98.37746,29.24256551,24
572,ELMENDORF 9,-98.37746,29.24130902,24
573,ELSA 0,-98.030361,26.30137655,20
574,EMORY 0,-95.740061,32.87468622,26
575,ENCINAL 0,-99.390193,28.03532905,19
576,ENNIS 0,-96.6678,32.31756615,8
577,ENNIS 1,-96.6606,32.31756615,8
578,ENNIS 2,-96.66996,32.31482799,8
579,ENNIS 3,-96.66996,32.31361101,8
580,ETOILE 0,-94.358277,31.45917051,26
581,EULESS 1 0,-97.082428,32.85786578,12
582,EULESS 2 0,-97.087723,32.81168652,12
583,EVANT 0,-98.040081,31.54777233,14
584,FAIRFIELD 1 0,-96.0951,31.88458658,2
585,FAIRFIELD 1 1,-96.0771,31.88458658,2
586,FAIRFIELD 1 2,-96.0771,31.8754157,2
587,FAIRFIELD 1 3,-96.1005,31.8777085,2
588,FAIRFIELD 1 4,-96.1005,31.87465142,2
589,FAIRFIELD 1 5,-96.1005,31.87159423,2
590,FAIRFIELD 1 6,-96.1005,31.86853693,2
591,FAIRFIELD 1 7,-96.1005,31.86547954,2
592,FAIRFIELD 1 8,-96.1005,31.86242205,2
593,FAIRFIELD 2 0,-96.0364,31.81448193,2
594,FAIRFIELD 2 1,-96.0184,31.81448193,2
595,FAIRFIELD 2 2,-96.0184,31.80530408,2
596,FAIRFIELD 2 3,-96.0418,31.80759863,2
597,FAIRFIELD 2 4,-96.0418,31.80453921,2
598,FAIRFIELD 3 0,-96.084621,31.77643842,2
599,FALCON HEIGHTS 1 0,-99.1552,26.55105952,20
600,FALCON HEIGHTS 1 1,-99.1606,26.54381355,20
601,FALCON HEIGHTS 1 2,-99.1606,26.54059297,20
602,FALCON HEIGHTS 1 3,-99.1606,26.5373723,20
603,FALCON HEIGHTS 2 0,-99.094088,26.67176231,20
604,FALFURRIAS 0,-98.207213,26.87409477,20
605,FALLS CITY 0,-98.231425,28.86072746,24
606,FANNIN 0,-97.203367,28.70648513,7
607,FANNIN 1,-97.192567,28.70648513,7
608,FANNIN 2,-97.192567,28.69701211,7
609,FARMERSVILLE 0,-96.352404,33.17180838,9
610,FAYETTEVILLE 0,-96.690188,30.03678313,4
611,FERRIS 0,-96.674449,32.43744238,8
612,FLATONIA 0,-97.14945,29.72136438,4
613,FLINT 0,-95.404415,32.21223343,26
614,FLORESVILLE 0,-98.069606,29.06715303,24
615,FLORESVILLE 1,-98.058806,29.06715303,24
616,FLOWER MOUND 1 0,-97.05647,33.03029549,12
617,FLOWER MOUND 2 0,-97.121306,33.03247555,12
618,FLUVANNA 1 0,-101.210397,32.91939627,1
619,FLUVANNA 1 1,-101.215797,32.91259658,1
620,FLUVANNA 2 0,-101.129784,32.9418878,1
621,FLUVANNA 2 1,-101.111784,32.9418878,1
622,FLUVANNA 2 2,-101.135184,32.93508984,1
623,FORESTBURG 0,-97.436189,33.46561085,22
624,FORNEY 0,-96.4513,32.74075559,9
625,FORRESTON 0,-96.833324,32.23142172,8
626,FORSAN 0,-101.3896,32.13470324,11
627,FORSAN 1,-101.395,32.12784391,11
628,FORSAN 2,-101.395,32.12479515,11
629,FORT DAVIS 0,-103.750065,30.99879752,11
630,FORT HOOD 0,-97.752047,31.13747951,28
631,FORT STOCKTON 1 0,-102.496808,30.76638853,11
632,FORT STOCKTON 1 1,-102.502208,30.75324095,11
633,FORT STOCKTON 2 0,-102.346628,30.80108776,11
634,FORT STOCKTON 3 0,-102.781792,30.74127091,11
635,FORT WORTH 1 0,-97.045081,32.82155779,12
636,FORT WORTH 10 0,-97.306886,32.97294492,12
637,FORT WORTH 11 0,-97.314201,32.7262652,12
638,FORT WORTH 12 0,-97.326156,32.75668202,12
639,FORT WORTH 13 0,-97.326911,32.67607583,12
640,FORT WORTH 14 0,-97.331506,32.63660376,12
641,FORT WORTH 15 0,-97.334665,32.70540763,12
642,FORT WORTH 16 0,-97.342355,32.87938837,12
643,FORT WORTH 17 0,-97.350985,32.77867862,12
644,FORT WORTH 18 0,-97.355932,32.81408258,12
645,FORT WORTH 19 0,-97.359895,32.70621565,12
646,FORT WORTH 2 0,-97.177363,32.77349348,12
647,FORT WORTH 20 0,-97.375938,32.65049314,12
648,FORT WORTH 21 0,-97.37813,32.73963556,12
649,FORT WORTH 22 0,-97.383365,32.69822643,12
650,FORT WORTH 23 0,-97.413015,32.66488053,12
651,FORT WORTH 24 0,-97.416975,32.57943121,12
652,FORT WORTH 25 0,-97.430235,32.91110423,12
653,FORT WORTH 26 0,-97.431999,32.77298747,12
654,FORT WORTH 27 0,-97.478578,32.84490642,12
655,FORT WORTH 28 0,-97.499881,32.63344468,12
656,FORT WORTH 29 0,-97.520256,32.78458778,12
657,FORT WORTH 3 0,-97.214058,32.7450037,12
658,FORT WORTH 4 0,-97.248532,32.866002,12
659,FORT WORTH 5 0,-97.259025,32.68872318,12
660,FORT WORTH 6 0,-97.265832,32.72162407,12
661,FORT WORTH 7 0,-97.269357,32.74667675,12
662,FORT WORTH 8 0,-97.271334,32.61763225,12
663,FORT WORTH 9 0,-97.287923,32.85726576,12
664,FRANKLIN 0,-96.4686,31.17413989,2
665,FRANKLIN 1,-96.4506,31.17413989,2
666,FRANKLIN 2,-96.4506,31.16489899,2
667,FRANKLIN 3,-96.4686,31.15873788,2
668,FRANKLIN 4,-96.4506,31.15565718,2
669,FRANKLIN 5,-96.474,31.1672093,2
670,FRANKLIN 6,-96.474,31.16412887,2
671,FRANKSTON 0,-95.409796,32.02983524,26
672,FREDERICKSBURG 0,-98.867683,30.27472015,16
673,FREEPORT 1 0,-95.324,28.97390134,13
674,FREEPORT 1 1,-95.306,28.97390134,13
675,FREEPORT 1 2,-95.306,28.96445263,13
676,FREEPORT 1 3,-95.3294,28.96996448,13
677,FREEPORT 1 4,-95.3294,28.96681489,13
678,FREEPORT 1 5,-95.3294,28.9636652,13
679,FREEPORT 1 6,-95.3294,28.96051542,13
680,FREEPORT 2 0,-95.396681,28.98499102,13
681,FREEPORT 2 1,-95.385881,28.98499102,13
682,FREEPORT 2 2,-95.385881,28.97554332,13
683,FREEPORT 3 0,-95.269251,29.01492184,13
684,FREER 0,-98.61997,27.82955094,19
685,FRESNO 0,-95.471015,29.53479527,17
686,FRIENDSWOOD 0,-95.188533,29.51256772,10
687,FRISCO 1 0,-96.786592,33.16071807,9
688,FRISCO 2 0,-96.852027,33.14392461,9
689,FRISCO 2 1,-96.847707,33.14392461,9
690,FROST 0,-96.798932,32.03258343,8
691,FULSHEAR 0,-95.951677,29.58992264,5
692,GAINESVILLE 0,-97.16735,33.65559004,22
693,GALVESTON 1 0,-94.764968,29.30425656,13
694,GALVESTON 1 1,-94.754168,29.30425656,13
695,GALVESTON 2 0,-94.82429,29.27190757,13
696,GALVESTON 3 0,-94.915652,29.24688403,13
697,GANADO 0,-96.48081,29.01463682,27
698,GARDEN CITY 0,-101.492775,31.75695313,11
699,GARLAND 1 0,-96.572005,32.85519771,9
700,GARLAND 1 1,-96.567685,32.85519771,9
701,GARLAND 2 0,-96.616182,32.92648465,9
702,GARLAND 3 0,-96.646086,32.96219063,9
703,GARLAND 4 0,-96.647955,32.87777732,9
704,GARLAND 5 0,-96.671238,32.90928418,9
705,GARRISON 0,-94.511617,31.81320185,26
706,GATESVILLE 1 0,-97.697884,31.4802759,28
707,GATESVILLE 2 0,-97.719745,31.45201359,28
708,GATESVILLE 3 0,-97.740672,31.48640452,28
709,GATESVILLE 4 0,-97.746604,31.41111136,28
710,GEORGE WEST 0,-98.134051,28.25113284,7
711,GEORGETOWN 1 0,-97.614595,30.65664455,3
712,GEORGETOWN 2 0,-97.749577,30.64544626,3
713,GEORGETOWN 3 0,-97.798899,30.83561298,3
714,GEORGETOWN 3 1,-97.788099,30.83561298,3
715,GEORGETOWN 3 2,-97.798899,30.8263392,3
716,GEORGETOWN 3 3,-97.788099,30.8263392,3
717,GEORGETOWN 3 4,-97.798899,30.81706453,3
718,GIDDINGS 0,-96.914038,30.16139898,4
719,GLEN ROSE 1 0,-97.767515,32.2922788,14
720,GLEN ROSE 1 1,-97.749515,32.2922788,14
721,GLEN ROSE 1 2,-97.772915,32.28238786,14
722,GLEN ROSE 1 3,-97.772915,32.27934427,14
723,GLEN ROSE 2 0,-97.786247,32.20239077,14
724,GOLDSBORO 0,-99.68565,32.04597232,1
725,GOLDSMITH 0,-102.819333,31.98889352,11
726,GOLDTHWAITE 1 0,-98.448667,31.37718614,14
727,GOLDTHWAITE 1 1,-98.430667,31.37718614,14
728,GOLDTHWAITE 1 2,-98.430667,31.3679651,14
729,GOLDTHWAITE 1 3,-98.448667,31.36181724,14
730,GOLDTHWAITE 1 4,-98.454067,31.36719664,14
731,GOLDTHWAITE 2 0,-98.537717,31.62122617,14
732,GOLIAD 0,-97.570237,28.56195443,7
733,GONZALES 0,-97.439924,29.47068582,15
734,GOODFELLOW AFB 0,-100.14367,31.28337001,1
735,GORDON 0,-98.324604,32.5815363,18
736,GORDONVILLE 0,-96.830764,33.82495087,22
737,GORMAN 0,-98.97614,32.11085465,6
738,GRAFORD 0,-98.315274,32.89894887,18
739,GRAHAM 0,-98.5937,33.12837058,18
740,GRAHAM 1,-98.5757,33.12837058,18
741,GRAHAM 2,-98.5991,33.12158699,18
742,GRAHAM 3,-98.5991,33.11857189,18
743,GRANBURY 1 0,-97.713686,32.34030338,14
744,GRANBURY 1 1,-97.695686,32.34030338,14
745,GRANBURY 1 2,-97.719086,32.32737571,14
746,GRANBURY 1 3,-97.719086,32.32433363,14
747,GRANBURY 1 4,-97.719086,32.32129146,14
748,GRANBURY 2 0,-97.693356,32.40062439,14
749,GRANBURY 2 1,-97.686156,32.40062439,14
750,GRANBURY 2 2,-97.695516,32.39545699,14
751,GRANBURY 2 3,-97.695516,32.39424108,14
752,GRANBURY 2 4,-97.695516,32.39302517,14
753,GRANBURY 2 5,-97.695516,32.39180923,14
754,GRANBURY 3 0,-97.627411,32.55964268,14
755,GRAND PRAIRIE 1 0,-96.992862,32.72701722,12
756,GRAND PRAIRIE 2 0,-97.005789,32.7742495,12
757,GRAND PRAIRIE 3 0,-97.020372,32.66252846,12
758,GRAND PRAIRIE 3 1,-97.016052,32.66252846,12
759,GRAND SALINE 0,-95.678531,32.64051029,26
760,GRANDFALLS 0,-103.076134,31.16336219,11
761,GRANDVIEW 0,-97.15716,32.2784881,8
762,GRANGER 0,-97.410285,30.70838087,3
763,GRAPELAND 0,-95.472652,31.41128037,2
764,GRAPEVINE 0,-97.067945,32.92334757,12
765,GREENVILLE 1 0,-96.1084,33.16467307,9
766,GREENVILLE 1 1,-96.0904,33.16467307,9
767,GREENVILLE 1 2,-96.1138,33.14885042,9
768,GREENVILLE 1 3,-96.0904,33.15563191,9
769,GREENVILLE 2 0,-96.075274,33.06242005,9
770,GREGORY 0,-97.240417,27.88292607,7
771,GREGORY 1,-97.222417,27.88292607,7
772,GREGORY 2,-97.245817,27.8757662,7
773,GREGORY 3,-97.245817,27.87258389,7
774,GREGORY 4,-97.245817,27.86940148,7
775,GREGORY 5,-97.245817,27.86621898,7
776,GREGORY 6,-97.245817,27.86303638,7
777,GREGORY 7,-97.245817,27.85985369,7
778,GROESBECK 0,-96.511013,31.49691699,8
779,GRULLA 0,-98.645824,26.26837072,20
780,HALLETTSVILLE 0,-96.827189,29.37376184,15
781,HALTOM CITY 0,-97.263776,32.80101523,12
782,HAMILTON 0,-98.178029,31.68068709,14
783,HAMLIN 0,-100.115032,32.8509556,1
784,HARGILL 0,-97.912496,26.47099003,20
785,HARKER HEIGHTS 0,-97.635625,31.03851858,28
786,HARLINGEN 1 0,-97.658502,26.24906564,20
787,HARLINGEN 2 0,-97.734596,26.24637449,20
788,HASKELL 0,-99.639589,33.11665478,21
789,HASKELL 1,-99.628789,33.11665478,21
790,HASKELL 2,-99.639589,33.11062414,21
791,HASLET 0,-97.373655,32.98420823,12
792,HAWLEY 0,-99.821642,32.6244092,1
793,HEARNE 0,-96.517934,30.86573392,2
794,HEBBRONVILLE 0,-98.780966,27.09403831,20
795,HELOTES 0,-98.743164,29.60741007,23
796,HEMPSTEAD 0,-96.056554,30.09370171,25
797,HENDERSON 1 0,-94.695029,31.91933789,26
798,HENDERSON 2 0,-94.719328,32.23331885,26
799,HENRIETTA 0,-98.193251,33.7525038,22
800,HERMLEIGH 0,-100.6548,32.58253337,1
801,HERMLEIGH 1,-100.6368,32.58253337,1
802,HERMLEIGH 2,-100.6368,32.57343264,1
803,HERMLEIGH 3,-100.6602,32.57267421,1
804,HEWITT 0,-97.186339,31.44735874,28
805,HICO 0,-97.8736,31.99537495,14
806,HIDALGO 0,-98.232746,26.10472364,20
807,HILLSBORO 0,-97.124361,32.01635635,8
808,HOCKLEY 0,-95.830133,30.04512601,25
809,HOLLAND 0,-97.368009,30.87814672,28
810,HOLLAND 1,-97.357209,30.87814672,28
811,HOLLAND 2,-97.368009,30.87196705,28
812,HONDO 0,-99.130334,29.42110376,23
813,HONDO 1,-99.119534,29.42110376,23
814,HONEY GROVE 0,-95.891109,33.60917081,22
815,HORSESHOE BAY 0,-98.368752,30.52469804,3
816,HOUSTON 1 0,-95.2503,29.80830107,10
817,HOUSTON 1 1,-95.25246,29.80299065,10
818,HOUSTON 10 0,-95.169521,29.7614299,10
819,HOUSTON 11 0,-95.176995,29.90412247,10
820,HOUSTON 12 0,-95.187592,29.6168613,10
821,HOUSTON 13 0,-95.222001,29.5844545,10
822,HOUSTON 14 0,-95.248793,29.68732206,10
823,HOUSTON 15 0,-95.250476,29.84988111,10
824,HOUSTON 16 0,-95.252651,29.7571648,10
825,HOUSTON 17 0,-95.265339,29.61791633,10
826,HOUSTON 18 0,-95.270537,29.71602377,10
827,HOUSTON 19 0,-95.27303,29.64450899,10
828,HOUSTON 2 0,-95.2386,29.94970462,10
829,HOUSTON 2 1,-95.24076,29.94440171,10
830,HOUSTON 20 0,-95.29638,29.86003437,10
831,HOUSTON 21 0,-95.300559,29.68311895,10
832,HOUSTON 22 0,-95.30531,29.7410634,10
833,HOUSTON 23 0,-95.310727,29.77067913,10
834,HOUSTON 24 0,-95.314675,29.71932385,17
835,HOUSTON 25 0,-95.320621,29.61621029,17
836,HOUSTON 26 0,-95.325288,29.79768781,17
837,HOUSTON 27 0,-95.331533,29.66437749,17
838,HOUSTON 28 0,-95.337582,29.90867459,17
839,HOUSTON 29 0,-95.337809,29.86090239,17
840,HOUSTON 3 0,-95.634649,29.72351596,17
841,HOUSTON 3 1,-95.636809,29.71695043,17
842,HOUSTON 3 2,-95.636809,29.7156998,17
843,HOUSTON 30 0,-95.349812,29.98531051,25
844,HOUSTON 31 0,-95.3533,29.69592827,17
845,HOUSTON 32 0,-95.35621,29.75112365,17
846,HOUSTON 33 0,-95.360152,29.72239193,17
847,HOUSTON 34 0,-95.36399,29.79284469,17
848,HOUSTON 35 0,-95.375096,29.65361022,17
849,HOUSTON 36 0,-95.375953,29.82909159,17
850,HOUSTON 37 0,-95.378584,29.8575233,17
851,HOUSTON 38 0,-95.383263,29.60814609,17
852,HOUSTON 39 0,-95.387702,29.75097205,17
853,HOUSTON 4 0,-95.38816,29.71854683,17
854,HOUSTON 4 1,-95.38096,29.71854683,17
855,HOUSTON 4 10,-95.39032,29.70697813,17
856,HOUSTON 4 11,-95.39032,29.70572738,17
857,HOUSTON 4 2,-95.38096,29.70979226,17
858,HOUSTON 4 3,-95.39032,29.71573295,17
859,HOUSTON 4 4,-95.39032,29.71448231,17
860,HOUSTON 4 5,-95.39032,29.71323165,17
861,HOUSTON 4 6,-95.39032,29.71198098,17
862,HOUSTON 4 7,-95.39032,29.71073029,17
863,HOUSTON 4 8,-95.39032,29.70947959,17
864,HOUSTON 4 9,-95.39032,29.70822887,17
865,HOUSTON 40 0,-95.388927,29.88786306,17
866,HOUSTON 41 0,-95.391272,29.93219918,17
867,HOUSTON 42 0,-95.396607,29.9968018,25
868,HOUSTON 43 0,-95.412548,29.70428548,17
869,HOUSTON 44 0,-95.401313,29.67774782,17
870,HOUSTON 45 0,-95.427498,29.75790039,17
871,HOUSTON 46 0,-95.407483,29.76904509,17
872,HOUSTON 47 0,-95.412498,29.73231218,17
873,HOUSTON 48 0,-95.413333,29.79574976,17
874,HOUSTON 49 0,-95.422667,29.82394947,17
875,HOUSTON 5 0,-95.5234,29.93920435,17
876,HOUSTON 5 1,-95.5162,29.93920435,17
877,HOUSTON 5 10,-95.52556,29.92641317,17
878,HOUSTON 5 11,-95.52556,29.92516516,17
879,HOUSTON 5 2,-95.5162,29.93296496,17
880,HOUSTON 5 3,-95.52556,29.93514879,17
881,HOUSTON 5 4,-95.52556,29.93390089,17
882,HOUSTON 5 5,-95.52556,29.93265298,17
883,HOUSTON 5 6,-95.52556,29.93140505,17
884,HOUSTON 5 7,-95.52556,29.9301571,17
885,HOUSTON 5 8,-95.52556,29.92890914,17
886,HOUSTON 5 9,-95.52556,29.92766116,17
887,HOUSTON 50 0,-95.429289,29.63328971,17
888,HOUSTON 51 0,-95.429746,29.73127615,17
889,HOUSTON 52 0,-95.431164,29.68320395,17
890,HOUSTON 53 0,-95.432366,29.85056913,17
891,HOUSTON 54 0,-95.435396,30.00574602,25
892,HOUSTON 55 0,-95.437594,29.91609877,17
893,HOUSTON 56 0,-95.450009,29.73757831,17
894,HOUSTON 57 0,-95.443009,29.95013363,25
895,HOUSTON 58 0,-95.449019,29.87898984,17
896,HOUSTON 59 0,-95.457093,29.58103742,17
897,HOUSTON 6 0,-95.215109,29.81970236,10
898,HOUSTON 6 1,-95.210789,29.81970236,10
899,HOUSTON 6 2,-95.210789,29.81345548,10
900,HOUSTON 60 0,-95.457305,29.70151741,17
901,HOUSTON 61 0,-95.472548,29.74570151,17
902,HOUSTON 62 0,-95.470809,29.82752555,17
903,HOUSTON 63 0,-95.471696,29.65091515,17
904,HOUSTON 64 0,-95.475772,29.6728367,17
905,HOUSTON 65 0,-95.48255,29.61823234,17
906,HOUSTON 66 0,-95.484762,30.00456899,25
907,HOUSTON 67 0,-95.486393,29.91519875,17
908,HOUSTON 68 0,-95.48805,29.79437173,17
909,HOUSTON 69 0,-95.492458,29.95473874,25
910,HOUSTON 7 0,-95.11577,29.61109816,10
911,HOUSTON 70 0,-95.508151,29.76872509,17
912,HOUSTON 71 0,-95.512125,29.68544501,17
913,HOUSTON 72 0,-95.517583,29.64989013,17
914,HOUSTON 73 0,-95.519364,29.8133942,17
915,HOUSTON 74 0,-95.519692,29.73379421,17
916,HOUSTON 75 0,-95.523499,29.87207767,17
917,HOUSTON 76 0,-95.527601,29.98595153,25
918,HOUSTON 77 0,-95.530937,29.69934536,17
919,HOUSTON 78 0,-95.54263,29.64970212,17
920,HOUSTON 79 0,-95.556654,29.73882434,17
921,HOUSTON 8 0,-95.127013,29.57104717,10
922,HOUSTON 80 0,-95.569235,29.9771753,25
923,HOUSTON 81 0,-95.577168,29.85610227,17
924,HOUSTON 82 0,-95.580034,29.81018812,17
925,HOUSTON 83 0,-95.581217,29.6971863,17
926,HOUSTON 84 0,-95.58239,29.66836658,17
927,HOUSTON 85 0,-95.599437,29.77359321,17
928,HOUSTON 86 0,-95.599642,29.92405997,17
929,HOUSTON 87 0,-95.611784,29.74773256,17
930,HOUSTON 88 0,-95.646027,29.69197017,17
931,HOUSTON 89 0,-95.647634,29.90671854,17
932,HOUSTON 9 0,-95.14544,29.83042963,10
933,HOUSTON 90 0,-95.6556,29.82498749,17
934,HOUSTON 90 1,-95.65128,29.82498749,17
935,HOUSTON 90 2,-95.6556,29.81999029,17
936,HOUSTON 91 0,-95.677692,29.76678504,17
937,HOWE 0,-96.738645,33.44836501,22
938,HUBBARD 0,-96.798276,31.84238978,8
939,HUFFMAN 0,-95.095258,30.0606754,10
940,HUMBLE 1 0,-95.173899,29.99200468,10
941,HUMBLE 2 0,-95.282617,30.01480725,25
942,HUNGERFORD 0,-96.076418,29.41017508,5
943,HUNT 0,-99.619211,30.08888541,16
944,HUNTINGTON 0,-94.500986,31.22435416,26
945,HURST 0,-97.176986,32.8147796,12
946,HUTCHINS 0,-96.691916,32.63609475,9
947,HUTTO 0,-97.542524,30.55756201,3
948,INDUSTRY 0,-96.442051,30.01801895,4
949,INEZ 0,-96.880623,28.83274277,27
950,INGLESIDE 0,-97.179571,27.86157182,7
951,INGRAM 0,-99.336011,30.15291044,16
952,IOLA 0,-96.087428,30.71989754,2
953,IOWA PARK 0,-98.712096,33.96732584,22
954,IRAAN 1 0,-102.0777,30.91162288,11
955,IRAAN 1 1,-102.0831,30.89849518,11
956,IRAAN 2 0,-102.192433,30.92529076,11
957,IRAAN 2 1,-102.197833,30.91834202,11
958,IRAAN 3 0,-101.9118,30.87852075,11
959,IRAAN 3 1,-101.9172,30.86538851,11
960,IRAAN 3 2,-101.9172,30.86229831,11
961,IRVING 1 0,-96.9858,32.91678239,12
962,IRVING 1 1,-96.98796,32.91285362,12
963,IRVING 1 2,-96.98796,32.91164474,12
964,IRVING 2 0,-96.938508,32.88284046,12
965,IRVING 3 0,-96.951303,32.79418704,12
966,IRVING 4 0,-96.963315,32.82348684,12
967,IRVING 5 0,-96.993135,32.87241417,12
968,ITALY 0,-96.84218,32.17161771,8
969,ITASCA 0,-97.1513,32.16020093,8
970,JACKSBORO 1 0,-98.319652,33.06193602,18
971,JACKSBORO 1 1,-98.301652,33.06193602,18
972,JACKSBORO 1 2,-98.325052,33.04911244,18
973,JACKSBORO 2 0,-98.179154,33.21356144,18
974,JACKSONVILLE 1 0,-94.971834,31.93373985,26
975,JACKSONVILLE 1 1,-94.953834,31.93373985,26
976,JACKSONVILLE 1 2,-94.953834,31.92151833,26
977,JACKSONVILLE 1 3,-94.977234,31.9299208,26
978,JACKSONVILLE 1 4,-94.977234,31.92686544,26
979,JACKSONVILLE 1 5,-94.977234,31.92380999,26
980,JACKSONVILLE 2 0,-95.24798,31.9390272,26
981,JARRELL 0,-97.493485,30.81244949,3
982,JAYTON 0,-100.506167,32.96368129,21
983,JAYTON 1,-100.488167,32.96368129,21
984,JAYTON 2,-100.488167,32.95461946,21
985,JAYTON 3,-100.511567,32.95386427,21
986,JEWETT 1 0,-96.2345,31.41575567,2
987,JEWETT 1 1,-96.2165,31.41575567,2
988,JEWETT 1 2,-96.2165,31.40653841,2
989,JEWETT 1 3,-96.2399,31.40884281,2
990,JEWETT 1 4,-96.2399,31.40577027,2
991,JEWETT 2 0,-96.143778,31.32336962,2
992,JOHNSON CITY 0,-98.350569,30.39605085,3
993,JONESBORO 0,-97.795426,31.76288152,14
994,JOSEPHINE 0,-96.305404,33.06380541,9
995,JOSHUA 0,-97.536274,32.423505,14
996,JOURDANTON 0,-98.47696,28.75822426,19
997,JUNCTION 0,-100.06015,30.45246344,16
998,JUSTIN 0,-97.336899,33.09758034,12
999,KATY 1 0,-95.729436,29.83506274,17
1000,KATY 1 1,-95.725116,29.83506274,17
1001,KATY 1 2,-95.729436,29.83131524,17
1002,KATY 2 0,-95.737823,29.74318045,17
1003,KATY 2 1,-95.733503,29.74318045,17
1004,KATY 3 0,-95.825251,29.73812932,17
1005,KATY 3 1,-95.820931,29.73812932,17
1006,KATY 3 2,-95.825251,29.73437819,17
1007,KATY 4 0,-95.827856,29.85071713,17
1008,KAUFMAN 0,-96.246103,32.56273303,9
1009,KELLER 1 0,-97.221548,32.92159152,12
1010,KELLER 2 0,-97.279594,32.92561963,12
1011,KELLER 2 1,-97.275274,32.92561963,12
1012,KEMP 0,-96.236039,32.36060439,8
1013,KEMPNER 0,-98.00169,31.08199191,16
1014,KENEDY 0,-97.884158,28.72709737,15
1015,KENEDY 1,-97.873358,28.72709737,15
1016,KERENS 0,-96.320632,32.15216941,8
1017,KERMIT 0,-103.129992,31.69012471,11
1018,KERRVILLE 0,-99.152239,30.03046773,16
1019,KERRVILLE 1,-99.141439,30.03046773,16
1020,KILLEEN 1 0,-97.624196,31.14304587,28
1021,KILLEEN 2 0,-97.720602,31.10055463,28
1022,KILLEEN 3 0,-97.735617,31.00346982,28
1023,KILLEEN 3 1,-97.724817,31.00346982,28
1024,KILLEEN 4 0,-97.923779,30.92983006,28
1025,KILLEEN 4 1,-97.912979,30.92983006,28
1026,KINGSLAND 0,-98.433748,30.66662512,16
1027,KINGSVILLE 0,-97.856597,27.4378141,7
1028,KINGWOOD 1 0,-95.154343,30.05061215,10
1029,KINGWOOD 2 0,-95.217422,30.04428399,10
1030,KNOX CITY 0,-99.844667,33.42582809,21
1031,KOPPERL 0,-97.566601,32.11143969,14
1032,KRUM 0,-97.298709,33.27641526,12
1033,KYLE 0,-97.802976,29.90226143,3
1034,KYLE 1,-97.798656,29.90226143,3
1035,LA GRANGE 0,-96.7326,29.91095923,4
1036,LA GRANGE 1,-96.7146,29.91095923,4
1037,LA GRANGE 2,-96.7146,29.90159733,4
1038,LA GRANGE 3,-96.738,29.90081713,4
1039,LA GRANGE 4,-96.738,29.89769628,4
1040,LA GRANGE 5,-96.738,29.89457533,4
1041,LA JOYA 0,-98.485493,26.23635494,20
1042,LA MARQUE 0,-94.976507,29.36065196,13
1043,LA PORTE 0,-95.037022,29.69233618,10
1044,LA VERNIA 0,-98.10343,29.34788265,24
1045,LACKLAND A F B 0,-98.615134,29.38877366,23
1046,LAKE DALLAS 0,-97.001869,33.10793862,12
1047,LAKE JACKSON 0,-95.465043,29.04416962,13
1048,LAKE JACKSON 1,-95.454243,29.04416962,13
1049,LAMESA 0,-102.124506,32.92360456,11
1050,LAMPASAS 0,-98.25034,31.09621183,16
1051,LANCASTER 1 0,-96.748561,32.5603167,9
1052,LANCASTER 2 0,-96.774458,32.61523718,9
1053,LAPORTE 0,-95.052627,29.72427398,10
1054,LAPORTE 1,-95.045427,29.72427398,10
1055,LAPORTE 10,-95.054787,29.71270594,10
1056,LAPORTE 11,-95.054787,29.71145526,10
1057,LAPORTE 12,-95.054787,29.71020456,10
1058,LAPORTE 2,-95.045427,29.71927174,10
1059,LAPORTE 3,-95.054787,29.72146025,10
1060,LAPORTE 4,-95.054787,29.72020968,10
1061,LAPORTE 5,-95.054787,29.7189591,10
1062,LAPORTE 6,-95.054787,29.7177085,10
1063,LAPORTE 7,-95.054787,29.71645788,10
1064,LAPORTE 8,-95.054787,29.71520725,10
1065,LAPORTE 9,-95.054787,29.7139566,10
1066,LAREDO 1 0,-99.4909,27.56031721,19
1067,LAREDO 1 1,-99.4729,27.56031721,19
1068,LAREDO 1 2,-99.4963,27.55313613,19
1069,LAREDO 1 3,-99.4963,27.54994439,19
1070,LAREDO 2 0,-99.117085,27.745375,19
1071,LAREDO 3 0,-99.258161,27.55060565,19
1072,LAREDO 4 0,-99.339796,27.36714902,19
1073,LAREDO 4 1,-99.328996,27.36714902,19
1074,LAREDO 5 0,-99.431389,27.53901997,19
1075,LAREDO 6 0,-99.493143,27.50742514,19
1076,LAREDO 7 0,-99.674682,27.8271418,19
1077,LAREDO 7 1,-99.663882,27.8271418,19
1078,LAUGHLIN A F B 0,-100.768486,29.35224751,19
1079,LAVON 0,-96.450483,33.01023694,9
1080,LEAGUE CITY 0,-95.082987,29.50128344,10
1081,LEAGUE CITY 1,-95.078667,29.50128344,10
1082,LEAKEY 0,-99.673471,29.6382122,16
1083,LEANDER 1 0,-97.903577,30.56007107,3
1084,LEANDER 1 1,-97.899257,30.56007107,3
1085,LEANDER 1 2,-97.903577,30.55635107,3
1086,LEANDER 2 0,-97.968206,30.4475132,3
1087,LEMING 0,-98.47821,29.06802979,23
1088,LENORAH 0,-101.8277,32.22920957,11
1089,LENORAH 1,-101.8331,32.21322025,11
1090,LEONARD 0,-96.170163,33.43543176,22
1091,LEWISVILLE 1 0,-96.960206,33.06605947,12
1092,LEWISVILLE 1 1,-96.962366,33.05489604,12
1093,LEWISVILLE 1 2,-96.962366,33.0536891,12
1094,LEWISVILLE 2 0,-97.057417,33.07895383,12
1095,LEWSIVILLE 0,-96.958386,33.01723113,12
1096,LEWSIVILLE 1,-96.960546,33.01209932,12
1097,LEWSIVILLE 2,-96.960546,33.01089179,12
1098,LEXINGTON 0,-96.831158,30.34860983,4
1099,LIBERTY 0,-94.724441,30.06942718,10
1100,LIBERTY HILL 0,-97.937826,30.68840336,3
1101,LINDALE 0,-95.426716,32.53182694,26
1102,LINDSAY 0,-97.301834,33.60985886,22
1103,LIPAN 0,-97.999849,32.5209442,14
1104,LITTLE ELM 0,-96.946951,33.17408444,9
1105,LIVERPOOL 0,-95.27791,29.28203103,13
1106,LLANO 0,-98.909266,30.6475519,16
1107,LOCKHART 0,-97.667772,29.86522736,3
1108,LOLITA 0,-96.512612,28.82695442,27
1109,LOMETA 0,-98.367742,31.2510689,16
1110,LORAINE 1 0,-100.7354,32.43142316,1
1111,LORAINE 1 1,-100.7408,32.42154742,1
1112,LORAINE 1 2,-100.7408,32.41850852,1
1113,LORAINE 2 0,-100.702396,32.39271051,1
1114,LORENA 0,-97.193495,31.26248965,28
1115,LOS FRESNOS 0,-97.262778,26.2285415,20
1116,LOVELADY 0,-95.490937,31.08620118,2
1117,LUEDERS 0,-99.685492,32.86257139,1
1118,LUFKIN 1 0,-94.734611,31.359685,26
1119,LUFKIN 1 1,-94.740011,31.34661916,26
1120,LUFKIN 2 0,-94.632414,31.29555381,26
1121,LUFKIN 3 0,-94.81537,31.33463336,26
1122,LUFKIN 3 1,-94.80457,31.33463336,26
1123,LULING 0,-97.461663,29.68985542,15
1124,LYTLE 0,-98.773094,29.20116504,19
1125,MABANK 1 0,-96.070558,32.4305991,8
1126,MABANK 2 0,-96.094532,32.27167142,8
1127,MABANK 2 1,-96.083732,32.27167142,8
1128,MABANK 2 2,-96.094532,32.26253928,8
1129,MABANK 2 3,-96.083732,32.26253928,8
1130,MADISONVILLE 0,-95.896344,30.9474972,25
1131,MAGNOLIA 1 0,-95.642894,30.21436928,25
1132,MAGNOLIA 1 1,-95.638574,30.21436928,25
1133,MAGNOLIA 2 0,-95.74566,30.15376675,25
1134,MALAKOFF 0,-96.00523,32.12137235,26
1135,MALONE 0,-96.895503,31.91849284,8
1136,MANCHACA 0,-97.871087,30.13031516,3
1137,MANOR 0,-97.519912,30.3372104,3
1138,MANSFIELD 0,-97.184054,32.50154411,12
1139,MANSFIELD 1,-97.179734,32.50154411,12
1140,MANVEL 0,-95.357802,29.47895389,17
1141,MARBLE FALLS 1 0,-98.248593,30.5490876,3
1142,MARBLE FALLS 1 1,-98.253993,30.54211168,3
1143,MARBLE FALLS 1 2,-98.253993,30.53901111,3
1144,MARBLE FALLS 2 0,-98.3132,30.54979965,3
1145,MARBLE FALLS 2 1,-98.2952,30.54979965,3
1146,MARBLE FALLS 2 2,-98.2952,30.54049837,3
1147,MARBLE FALLS 2 3,-98.3186,30.53662258,3
1148,MARBLE FALLS 2 4,-98.3186,30.53352183,3
1149,MARBLE FALLS 2 5,-98.3186,30.53042099,3
1150,MARBLE FALLS 2 6,-98.3186,30.52732005,3
1151,MARBLE FALLS 3 0,-98.199732,30.57501726,3
1152,MARFA 0,-103.996761,30.27907842,11
1153,MARION 1 0,-98.1347,29.62189643,24
1154,MARION 1 1,-98.1275,29.62189643,24
1155,MARION 1 2,-98.1275,29.6168891,24
1156,MARION 1 3,-98.13686,29.61782799,24
1157,MARION 1 4,-98.13686,29.61657614,24
1158,MARION 1 5,-98.13686,29.61532426,24
1159,MARION 1 6,-98.13686,29.61407237,24
1160,MARION 1 7,-98.13686,29.61282047,24
1161,MARION 1 8,-98.13686,29.61156854,24
1162,MARION 2 0,-98.043976,29.59794883,24
1163,MARLIN 0,-96.803439,31.19623533,28
1164,MARLIN 1,-96.792639,31.19623533,28
1165,MARQUEZ 0,-96.22028,31.22972551,2
1166,MART 0,-96.793449,31.5548598,8
1167,MARTINDALE 0,-97.776202,29.65333814,24
1168,MASON 0,-99.561053,30.83694007,16
1169,MATADOR 0,-100.375217,33.70469447,21
1170,MATHIS 0,-97.799031,28.09689569,7
1171,MAYPEARL 0,-97.033619,32.29993268,8
1172,MC GREGOR 0,-97.522134,31.40337286,28
1173,MCALLEN 1 0,-98.22757,26.26550856,20
1174,MCALLEN 2 0,-98.230592,26.20935644,20
1175,MCALLEN 3 0,-98.2397,26.15588147,20
1176,MCCAMEY 1 0,-102.2201,31.20304178,11
1177,MCCAMEY 1 1,-102.2309,31.20304178,11
1178,MCCAMEY 2 0,-102.2163,31.13303722,11
1179,MCKINNEY 1 0,-96.594466,33.16453318,9
1180,MCKINNEY 1 1,-96.587266,33.16453318,9
1181,MCKINNEY 1 2,-96.596626,33.16061545,9
1182,MCKINNEY 1 3,-96.596626,33.15940996,9
1183,MCKINNEY 1 4,-96.596626,33.15820445,9
1184,MCKINNEY 1 5,-96.596626,33.15699892,9
1185,MCKINNEY 1 6,-96.596626,33.15579338,9
1186,MCKINNEY 1 7,-96.596626,33.15458783,9
1187,MCKINNEY 1 8,-96.596626,33.15338225,9
1188,MCKINNEY 2 0,-96.627695,33.24347035,9
1189,MCKINNEY 3 0,-96.69195,33.16962232,9
1190,MCKINNEY 3 1,-96.68763,33.16962232,9
1191,MEDINA 0,-99.307592,29.67203531,23
1192,MELISSA 0,-96.562647,33.28271043,9
1193,MEMPHIS 0,-100.503868,34.85134962,21
1194,MENARD 0,-100.098479,30.89136557,16
1195,MERCEDES 0,-97.822112,26.14236772,20
1196,MERIDIAN 0,-97.701123,31.91010328,14
1197,MERKEL 1 0,-100.158986,32.31213613,1
1198,MERKEL 1 1,-100.140986,32.31213613,1
1199,MERKEL 1 2,-100.164386,32.30529017,1
1200,MERKEL 2 0,-100.045389,32.30547069,1
1201,MERKEL 2 1,-100.050789,32.29558118,1
1202,MERKEL 3 0,-100.023723,32.4675466,1
1203,MERTENS 0,-96.90558,32.03787278,8
1204,MESQUITE 1 0,-96.555388,32.72324011,9
1205,MESQUITE 2 0,-96.613117,32.76928537,9
1206,MESQUITE 3 0,-96.626677,32.81488861,9
1207,MEXIA 0,-96.459137,31.64878998,8
1208,MIAMI 0,-100.527811,35.6480384,21
1209,MIAMI 1,-100.517011,35.6480384,21
1210,MICO 0,-98.849894,29.49854837,23
1211,MIDLAND 1 0,-101.909007,31.51148995,11
1212,MIDLAND 2 0,-102.033298,32.31558837,11
1213,MIDLAND 3 0,-102.072464,31.98627734,11
1214,MIDLAND 4 0,-102.123366,31.97331948,11
1215,MIDLAND 5 0,-102.19266,32.04750142,11
1216,MIDLOTHIAN 1 0,-97.04938,32.42776912,12
1217,MIDLOTHIAN 1 1,-97.04506,32.42776912,12
1218,MIDLOTHIAN 2 0,-96.98711,32.46683717,12
1219,MIDWAY 0,-95.706509,30.95334658,2
1220,MILES 0,-100.183616,31.58587984,1
1221,MILFORD 0,-96.98347,32.13141602,8
1222,MILLSAP 0,-97.984148,32.69839722,18
1223,MINEOLA 0,-95.415745,32.81038083,26
1224,MINERAL WELLS 0,-98.117806,32.79354969,18
1225,MINGUS 0,-98.409168,32.44933237,18
1226,MISSION 1 0,-98.3812,26.17569644,20
1227,MISSION 1 1,-98.3632,26.17569644,20
1228,MISSION 1 2,-98.3866,26.15227076,20
1229,MISSION 1 3,-98.3866,26.14903926,20
1230,MISSION 1 4,-98.3866,26.14580767,20
1231,MISSION 2 0,-98.290977,26.28997892,20
1232,MISSION 3 0,-98.361054,26.31245917,20
1233,MISSION 4 0,-98.365366,26.22227616,20
1234,MISSION 4 1,-98.354566,26.22227616,20
1235,MISSOURI CITY 1 0,-95.511949,29.59792983,17
1236,MISSOURI CITY 2 0,-95.553828,29.47091069,17
1237,MISSOURI CITY 2 1,-95.549508,29.47091069,17
1238,MONAHANS 1 0,-102.9273,31.5777663,11
1239,MONAHANS 1 1,-102.9219,31.56473086,11
1240,MONAHANS 1 2,-102.9219,31.56166343,11
1241,MONAHANS 1 3,-102.9219,31.5585959,11
1242,MONAHANS 1 4,-102.9219,31.55552827,11
1243,MONAHANS 1 5,-102.9219,31.55246054,11
1244,MONAHANS 1 6,-102.9453,31.5777663,11
1245,MONAHANS 2 0,-103.152046,31.47844578,11
1246,MONT BELVIEU 0,-94.9125,29.82220142,10
1247,MONT BELVIEU 1,-94.9053,29.82220142,10
1248,MONT BELVIEU 2,-94.91466,29.81939045,10
1249,MONT BELVIEU 3,-94.91466,29.8181411,10
1250,MONTAGUE 0,-97.678873,33.62090863,22
1251,MONTGOMERY 0,-95.68279,30.30367655,25
1252,MOODY 0,-97.381061,31.27893272,28
1253,MOORE 0,-98.842298,28.935435,19
1254,MORGAN 0,-97.52076,31.98288212,14
1255,MOUNT CALM 0,-96.882872,31.74506934,8
1256,MOUNT PLEASANT 1 0,-95.0237,33.08566765,26
1257,MOUNT PLEASANT 1 1,-95.0057,33.08566765,26
1258,MOUNT PLEASANT 1 2,-95.0057,33.0736017,26
1259,MOUNT PLEASANT 1 3,-95.0291,33.07888076,26
1260,MOUNT PLEASANT 1 4,-95.0291,33.0758642,26
1261,MOUNT PLEASANT 1 5,-95.0291,33.07284753,26
1262,MOUNT PLEASANT 2 0,-95.1507,33.32883538,26
1263,MOUNT PLEASANT 2 1,-95.1399,33.32883538,26
1264,MOUNT VERNON 0,-95.349602,33.17050548,26
1265,MT. ENTERPRISE 0,-94.601743,32.01172104,26
1266,MT. ENTERPRISE 1,-94.583743,32.01172104,26
1267,MT. ENTERPRISE 2,-94.583743,31.99950989,26
1268,MT. ENTERPRISE 3,-94.607143,32.00790523,26
1269,MT. ENTERPRISE 4,-94.607143,32.00485247,26
1270,MT. ENTERPRISE 5,-94.607143,32.00179961,26
1271,MT. ENTERPRISE 6,-94.607143,31.99874664,26
1272,MUENSTER 1 0,-97.419406,33.72701802,22
1273,MUENSTER 1 1,-97.424806,33.72028105,22
1274,MUENSTER 2 0,-97.373855,33.67608947,22
1275,MURCHISON 0,-95.634712,32.15246143,26
1276,May-00,-98.918404,31.92512228,6
1277,NACOGDOCHES 1 0,-94.518216,31.50291238,26
1278,NACOGDOCHES 2 0,-94.619596,31.7172045,26
1279,NACOGDOCHES 3 0,-94.731721,31.62561146,26
1280,NATALIA 0,-98.838565,29.19728595,23
1281,NAVASOTA 0,-96.045766,30.36308175,2
1282,NEEDVILLE 0,-95.803411,29.38007344,5
1283,NEMO 0,-97.646141,32.26013364,14
1284,NEVADA 0,-96.389731,33.05937529,9
1285,NEW BRAUNFELS 1 0,-98.0156,29.73469924,24
1286,NEW BRAUNFELS 1 1,-98.0084,29.73469924,24
1287,NEW BRAUNFELS 1 2,-98.0084,29.73094798,24
1288,NEW BRAUNFELS 1 3,-98.01776,29.7318858,24
1289,NEW BRAUNFELS 1 4,-98.01776,29.73063536,24
1290,NEW BRAUNFELS 1 5,-98.01776,29.72938491,24
1291,NEW BRAUNFELS 1 6,-98.01776,29.72813444,24
1292,NEW BRAUNFELS 1 7,-98.01776,29.72688395,24
1293,NEW BRAUNFELS 2 0,-98.066406,29.69437623,24
1294,NEW BRAUNFELS 2 1,-98.062086,29.69437623,24
1295,NEW BRAUNFELS 2 2,-98.066406,29.68937251,24
1296,NEW BRAUNFELS 3 0,-98.186862,29.75632278,24
1297,NEW CANEY 0,-95.186161,30.15872888,25
1298,NEW ULM 0,-96.677537,29.8003093,4
1299,NEWARK 0,-97.440809,32.99843462,12
1300,NEWGULF 0,-95.8817,29.25761869,5
1301,NEWGULF 1,-95.8637,29.25761869,5
1302,NEWGULF 2,-95.8871,29.25055175,5
1303,NIXON 0,-97.726834,29.42264585,15
1304,NOCONA 0,-97.954802,33.78709022,22
1305,NOLAN 0,-100.091,32.28171309,1
1306,NOLAN 1,-100.0964,32.27182099,1
1307,NOLANVILLE 0,-97.595369,31.06978812,28
1308,NORDHEIM 0,-97.623623,28.90783532,15
1309,NORMANGEE 0,-96.13019,31.12627878,2
1310,NORTH RICHLAND HILLS 1 0,-97.204784,32.8841715,12
1311,NORTH RICHLAND HILLS 2 0,-97.221695,32.83759123,12
1312,NOTREES 0,-102.623933,31.79305152,11
1313,NURSERY 0,-97.117,28.88839614,27
1314,NURSERY 1,-97.099,28.88839614,27
1315,NURSERY 2,-97.099,28.87893964,27
1316,NURSERY 3,-97.1224,28.87499917,27
1317,NURSERY 4,-97.1224,28.87184669,27
1318,NURSERY 5,-97.1224,28.86869412,27
1319,NURSERY 6,-97.1224,28.86554145,27
1320,NURSERY 7,-97.1224,28.86238868,27
1321,O DONNELL 1 0,-101.626178,32.92034533,11
1322,O DONNELL 1 1,-101.636978,32.92034533,11
1323,O DONNELL 2 0,-101.569617,32.92297051,11
1324,O DONNELL 2 1,-101.575017,32.91314896,11
1325,OAKWOOD 0,-95.854721,31.55113155,2
1326,ODEM 0,-97.670027,27.9565644,7
1327,ODESSA 1 0,-102.3084,31.82500734,11
1328,ODESSA 1 1,-102.3138,31.80894732,11
1329,ODESSA 1 10,-102.2904,31.83418324,11
1330,ODESSA 1 2,-102.3138,31.80588795,11
1331,ODESSA 1 3,-102.3138,31.80282848,11
1332,ODESSA 1 4,-102.3138,31.79976891,11
1333,ODESSA 1 5,-102.3138,31.79670924,11
1334,ODESSA 1 6,-102.3138,31.79364947,11
1335,ODESSA 1 7,-102.3138,31.79058959,11
1336,ODESSA 1 8,-102.3084,31.83418324,11
1337,ODESSA 1 9,-102.3138,31.78752962,11
1338,ODESSA 2 0,-102.253348,31.90062365,11
1339,ODESSA 3 0,-102.303423,31.99502293,11
1340,ODESSA 4 0,-102.404607,31.71904662,11
1341,ODESSA 5 0,-102.46509,31.79303851,11
1342,ODESSA 6 0,-102.621882,31.96320381,11
1343,ODONNELL 0,-101.755414,32.92096637,11
1344,OILTON 0,-98.994478,27.48166864,19
1345,OILTON 1,-98.983678,27.48166864,19
1346,OILTON 2,-98.994478,27.47208692,19
1347,OLMITO 0,-97.517109,26.0152897,20
1348,OLNEY 1 0,-98.693944,33.37759875,18
1349,OLNEY 1 1,-98.675944,33.37759875,18
1350,OLNEY 1 2,-98.699344,33.36482135,18
1351,OLNEY 2 0,-98.916556,33.24418155,18
1352,ORANGE GROVE 0,-98.051187,27.97988578,7
1353,OVALO 0,-99.744027,32.11415087,1
1354,OVERTON 0,-94.927535,32.24424958,26
1355,OZONA 0,-101.322239,30.5694189,11
1356,PADUCAH 0,-100.278247,33.98835232,21
1357,PAIGE 0,-97.209899,30.2976686,4
1358,PALACIOS 0,-96.180925,28.61710274,5
1359,PALESTINE 1 0,-95.475612,31.85711076,26
1360,PALESTINE 2 0,-95.804468,31.93989326,26
1361,PALO PINTO 1 0,-98.2923,32.65203807,18
1362,PALO PINTO 1 1,-98.2743,32.65203807,18
1363,PALO PINTO 1 2,-98.2977,32.63915512,18
1364,PALO PINTO 1 3,-98.2977,32.63612356,18
1365,PALO PINTO 1 4,-98.2977,32.63309191,18
1366,PALO PINTO 1 5,-98.2977,32.63006015,18
1367,PALO PINTO 1 6,-98.2977,32.62702828,18
1368,PALO PINTO 2 0,-98.267879,32.75804127,18
1369,PANHANDLE 1 0,-101.363778,35.43691198,21
1370,PANHANDLE 2 0,-101.292833,35.23245212,21
1371,PANHANDLE 2 1,-101.274833,35.23245212,21
1372,PANHANDLE 2 2,-101.298233,35.22877636,21
1373,PANHANDLE 3 0,-101.569572,35.38016785,21
1374,PANHANDLE 3 1,-101.574972,35.37356342,21
1375,PANHANDLE 4 0,-101.235056,35.42163287,21
1376,PANHANDLE 4 1,-101.217056,35.42163287,21
1377,PANHANDLE 4 2,-101.240456,35.41503184,21
1378,PANHANDLE 5 0,-101.531,35.34442725,21
1379,PANHANDLE 5 1,-101.5364,35.3378199,21
1380,PANHANDLE 5 2,-101.5364,35.33488312,21
1381,PANHANDLE 6 0,-100.985549,34.89485475,21
1382,PARADISE 0,-97.714422,33.09269513,18
1383,PARIS 1 0,-95.572,33.6248049,22
1384,PARIS 1 1,-95.554,33.6248049,22
1385,PARIS 1 2,-95.5774,33.61506198,22
1386,PARIS 1 3,-95.5774,33.61206393,22
1387,PARIS 1 4,-95.5774,33.60906578,22
1388,PARIS 1 5,-95.5774,33.60606753,22
1389,PARIS 1 6,-95.5774,33.60306917,22
1390,PARIS 1 7,-95.5774,33.60007071,22
1391,PARIS 2 0,-95.5397,33.6908095,22
1392,PARIS 2 1,-95.5217,33.6908095,22
1393,PARIS 2 2,-95.5451,33.68406968,22
1394,PARIS 2 3,-95.5451,33.68107404,22
1395,PARIS 3 0,-95.335733,33.6778776,22
1396,PASADENA 1 0,-95.203078,29.72083189,10
1397,PASADENA 1 1,-95.195878,29.72083189,10
1398,PASADENA 1 2,-95.203078,29.71332819,10
1399,PASADENA 1 3,-95.205238,29.71676746,10
1400,PASADENA 1 4,-95.205238,29.71551683,10
1401,PASADENA 2 0,-95.169279,29.72224893,10
1402,PASADENA 2 1,-95.162079,29.72224893,10
1403,PASADENA 2 2,-95.162079,29.71599597,10
1404,PASADENA 2 3,-95.171439,29.71818455,10
1405,PASADENA 2 4,-95.171439,29.71693394,10
1406,PASADENA 2 5,-95.171439,29.71568331,10
1407,PASADENA 2 6,-95.171439,29.71443267,10
1408,PASADENA 2 7,-95.171439,29.71318201,10
1409,PASADENA 3 0,-95.0386,29.61999638,10
1410,PASADENA 3 1,-95.0314,29.61999638,10
1411,PASADENA 3 2,-95.0314,29.61373707,10
1412,PASADENA 3 3,-95.04076,29.61717974,10
1413,PASADENA 3 4,-95.04076,29.61592787,10
1414,PASADENA 3 5,-95.04076,29.61467599,10
1415,PASADENA 3 6,-95.04076,29.61342409,10
1416,PASADENA 3 7,-95.04076,29.61217218,10
1417,PASADENA 4 0,-95.136715,29.64314096,10
1418,PASADENA 5 0,-95.18618,29.64541301,10
1419,PATTISON 0,-96.008615,29.79018762,17
1420,PATTONVILLE 0,-95.474203,33.39623904,22
1421,PEARLAND 1 0,-95.276139,29.55904887,10
1422,PEARLAND 2 0,-95.346468,29.54281947,17
1423,PEARSALL 0,-99.0739,28.92119813,19
1424,PEARSALL 1,-99.0559,28.92119813,19
1425,PEARSALL 2,-99.0793,28.91095679,19
1426,PEARSALL 3,-99.0793,28.9078054,19
1427,PEARSALL 4,-99.0793,28.90465392,19
1428,PEARSALL 5,-99.0793,28.90150234,19
1429,PEARSALL 6,-99.0793,28.89835066,19
1430,PEARSALL 7,-99.0793,28.89519889,19
1431,PECOS 0,-103.590914,31.7974278,11
1432,PENITAS 0,-98.467164,26.31515332,20
1433,PERRIN 0,-98.044654,33.00894539,18
1434,PETROLIA 0,-98.25032,34.0023393,22
1435,PETTUS 0,-97.948001,28.53457478,7
1436,PFLUGERVILLE 0,-97.59026,30.43605091,3
1437,PFLUGERVILLE 1,-97.58594,30.43605091,3
1438,PFLUGERVILLE 2,-97.59026,30.43232616,3
1439,PHARR 0,-98.180714,26.14322077,20
1440,PILOT POINT 0,-96.929642,33.36884081,9
1441,PINEHURST 0,-95.665554,30.15804386,25
1442,PIPE CREEK 0,-98.907616,29.68719005,23
1443,PLANO 1 0,-96.611882,33.01937819,9
1444,PLANO 2 0,-96.669564,33.02914646,9
1445,PLANO 3 0,-96.727231,33.05434215,9
1446,PLANO 4 0,-96.736408,33.08767206,9
1447,PLANO 5 0,-96.737958,33.01885318,9
1448,PLANO 6 0,-96.799086,33.07300866,9
1449,PLANO 7 0,-96.808007,33.03181053,9
1450,PLANTERSVILLE 0,-95.84639,30.31391081,2
1451,PLEASANTON 0,-98.419996,28.92947764,19
1452,POINT 0,-95.903936,32.98322163,26
1453,POINT COMFORT 1 0,-96.549197,28.63375237,27
1454,POINT COMFORT 1 1,-96.538397,28.63375237,27
1455,POINT COMFORT 1 2,-96.538397,28.62427278,27
1456,POINT COMFORT 2 0,-96.5237,28.68538386,27
1457,POINT COMFORT 2 1,-96.5057,28.68538386,27
1458,POINT COMFORT 2 2,-96.5057,28.67590893,27
1459,POINT COMFORT 2 3,-96.5291,28.67511931,27
1460,POINT COMFORT 2 4,-96.5291,28.67196079,27
1461,POINT COMFORT 2 5,-96.5291,28.66880217,27
1462,POINT COMFORT 2 6,-96.5291,28.66564345,27
1463,POINT COMFORT 2 7,-96.5291,28.66248464,27
1464,POINT COMFORT 2 8,-96.5291,28.65932574,27
1465,POLLOK 0,-95.117653,31.38462763,26
1466,PONDER 0,-97.308028,33.19629405,12
1467,POOLVILLE 0,-97.8923,33.05226536,18
1468,POOLVILLE 1,-97.8743,33.05226536,18
1469,POOLVILLE 2,-97.8977,33.03944037,18
1470,POOLVILLE 3,-97.8977,33.03642246,18
1471,POOLVILLE 4,-97.8977,33.03340444,18
1472,PORT ARANSAS 0,-97.105983,27.77106651,7
1473,PORT BOLIVAR 0,-94.511121,29.50059967,10
1474,PORT ISABEL 0,-97.303767,26.04515635,20
1475,PORT LAVACA 0,-96.8153,28.56437657,27
1476,PORT LAVACA 1,-96.7973,28.56437657,27
1477,PORT LAVACA 2,-96.8207,28.55410019,27
1478,PORT LAVACA 3,-96.8207,28.55093802,27
1479,PORT LAVACA 4,-96.8207,28.54777576,27
1480,PORT LAVACA 5,-96.8207,28.54461341,27
1481,PORT O CONNOR 0,-96.482788,28.43831301,27
1482,PORTER 0,-95.293521,30.1041935,25
1483,PORTLAND 0,-97.375238,27.88576824,7
1484,POTEET 0,-98.638709,29.07733201,19
1485,POTTSBORO 0,-96.716989,33.79473375,22
1486,PRAIRIE VIEW 0,-95.986893,30.084342,25
1487,PREMONT 0,-98.487692,27.62804015,19
1488,PRESIDIO 1 0,-104.291,29.59373944,11
1489,PRESIDIO 1 1,-104.2964,29.58356521,11
1490,PRESIDIO 2 0,-104.510139,29.8818034,11
1491,PRINCETON 0,-96.479557,33.14933576,9
1492,PROGRESO 0,-97.95314,26.07671009,20
1493,PROSPER 0,-96.804389,33.23949324,9
1494,QUEMADO 0,-100.584386,28.94487257,19
1495,QUINLAN 0,-96.104355,32.91866522,9
1496,RALLS 1 0,-101.372,33.65511801,21
1497,RALLS 1 1,-101.354,33.65511801,21
1498,RALLS 1 2,-101.354,33.64612775,21
1499,RALLS 1 3,-101.3774,33.65137218,21
1500,RALLS 1 4,-101.3774,33.6483754,21
1501,RALLS 2 0,-101.522037,33.65267784,11
1502,RAYMONDVILLE 0,-97.433331,26.56286818,20
1503,RED OAK 0,-96.803715,32.51934459,8
1504,RED ROCK 0,-97.348996,29.83776764,4
1505,REFUGIO 0,-96.890059,28.28480685,7
1506,RHOME 0,-97.459193,33.09095215,12
1507,RICE 0,-96.466509,32.22302216,8
1508,RICHARDSON 1 0,-96.659463,32.98914136,9
1509,RICHARDSON 2 0,-96.73776,32.97364694,9
1510,RICHARDSON 2 1,-96.73344,32.97364694,9
1511,RICHLAND SPRINGS 0,-99.126467,31.51177497,16
1512,RICHMOND 1 0,-95.676586,29.48017092,17
1513,RICHMOND 2 0,-95.790926,29.64358697,17
1514,RIESEL 1 0,-96.939149,31.46823711,28
1515,RIESEL 1 1,-96.921149,31.46823711,28
1516,RIESEL 1 2,-96.944549,31.4582573,28
1517,RIESEL 2 0,-97.003872,31.34858527,28
1518,RIO GRANDE CITY 0,-98.512632,26.57648995,20
1519,RIO HONDO 0,-97.480015,26.25490597,20
1520,RIO VISTA 0,-97.386815,32.10241309,14
1521,RIVIERA 0,-97.89237,27.13273953,7
1522,ROANOKE 0,-97.22312,33.00691985,12
1523,ROCHESTER 0,-99.633126,33.31681956,21
1524,ROCKDALE 1 0,-97.046032,30.55967128,4
1525,ROCKDALE 1 1,-97.028032,30.55967128,4
1526,ROCKDALE 1 2,-97.028032,30.55037095,4
1527,ROCKDALE 1 3,-97.051432,30.54649555,4
1528,ROCKDALE 1 4,-97.051432,30.54339512,4
1529,ROCKDALE 2 0,-96.82155,30.69419389,4
1530,ROCKPORT 0,-97.18789,28.11435072,7
1531,ROCKSPRINGS 0,-100.277076,29.98185567,16
1532,ROCKWALL 1 0,-96.43257,32.84926154,9
1533,ROCKWALL 2 0,-96.449275,32.94148406,9
1534,ROGERS 0,-97.216223,30.93400733,28
1535,ROGERS 1,-97.205423,30.93400733,28
1536,ROGERS 2,-97.205423,30.92474307,28
1537,ROMA 0,-99.103986,26.52610812,20
1538,ROSCOE 1 0,-100.5707,32.49082717,1
1539,ROSCOE 1 1,-100.5761,32.48095794,1
1540,ROSCOE 2 0,-100.6484,32.46332531,1
1541,ROSCOE 2 1,-100.6304,32.46332531,1
1542,ROSCOE 2 2,-100.6538,32.4564908,1
1543,ROSCOE 3 0,-100.6391,32.39222052,1
1544,ROSCOE 4 0,-100.4743,32.23085368,1
1545,ROSCOE 4 1,-100.4797,32.22095604,1
1546,ROSCOE 5 0,-100.5087,32.30611473,1
1547,ROSCOE 5 1,-100.5087,32.29089977,1
1548,ROSCOE 5 2,-100.5195,32.30611473,1
1549,ROSCOE 6 0,-100.564539,32.40913366,1
1550,ROSEBUD 0,-96.944514,31.07610053,28
1551,ROSENBERG 0,-95.858106,29.54589854,17
1552,ROSHARON 0,-95.466368,29.37889241,13
1553,ROTAN 0,-100.489206,32.88577197,1
1554,ROUND ROCK 1 0,-97.686686,30.55456393,3
1555,ROUND ROCK 1 1,-97.688846,30.55177378,3
1556,ROUND ROCK 1 2,-97.688846,30.55053369,3
1557,ROUND ROCK 1 3,-97.688846,30.54929358,3
1558,ROUND ROCK 1 4,-97.688846,30.54805346,3
1559,ROUND ROCK 1 5,-97.688846,30.54681331,3
1560,ROUND ROCK 1 6,-97.688846,30.54557316,3
1561,ROUND ROCK 2 0,-97.64199,30.54087558,3
1562,ROUND ROCK 3 0,-97.642886,30.49926552,3
1563,ROUND ROCK 3 1,-97.638566,30.49926552,3
1564,ROUND ROCK 3 2,-97.642886,30.49678398,3
1565,ROUND ROCK 4 0,-97.721298,30.53187435,3
1566,ROUND ROCK 4 1,-97.716978,30.53187435,3
1567,ROWENA 0,-99.673323,31.40535999,16
1568,ROWLETT 1 0,-96.546785,32.8954278,9
1569,ROWLETT 2 0,-96.552767,32.9356599,9
1570,ROXTON 0,-95.800701,33.57082415,22
1571,ROYSE CITY 0,-96.371725,32.9430861,9
1572,RUNGE 0,-97.878161,28.94593664,15
1573,RUSK 0,-95.18367,31.7732042,26
1574,SABINAL 0,-99.621829,29.29753814,16
1575,SACHSE 0,-96.577283,32.96659175,9
1576,SADLER 0,-96.830543,33.73198637,22
1577,SAINT HEDWIG 0,-98.201516,29.43408178,24
1578,SAINT JO 0,-97.526329,33.73537961,22
1579,SALADO 0,-97.58965,30.91955939,28
1580,SAN ANGELO 1 0,-100.313075,31.50358143,1
1581,SAN ANGELO 2 0,-100.554525,31.26268866,1
1582,SAN ANGELO 3 0,-101.046625,31.79662875,1
1583,SAN ANTONIO 1 0,-98.3361,29.42639159,24
1584,SAN ANTONIO 1 1,-98.3289,29.42639159,24
1585,SAN ANTONIO 1 2,-98.3289,29.41886598,24
1586,SAN ANTONIO 1 3,-98.33826,29.42231528,24
1587,SAN ANTONIO 1 4,-98.33826,29.421061,24
1588,SAN ANTONIO 1 5,-98.33826,29.41980671,24
1589,SAN ANTONIO 1 6,-98.33826,29.4185524,24
1590,SAN ANTONIO 1 7,-98.33826,29.41729807,24
1591,SAN ANTONIO 1 8,-98.33826,29.41604373,24
1592,SAN ANTONIO 10 0,-98.393527,29.48912314,24
1593,SAN ANTONIO 11 0,-98.398212,29.68801207,24
1594,SAN ANTONIO 12 0,-98.402491,29.58335747,24
1595,SAN ANTONIO 12 1,-98.398171,29.58335747,24
1596,SAN ANTONIO 13 0,-98.411598,29.53556829,24
1597,SAN ANTONIO 14 0,-98.423468,29.6247105,24
1598,SAN ANTONIO 15 0,-98.434954,29.45808937,23
1599,SAN ANTONIO 16 0,-98.440274,29.34273552,23
1600,SAN ANTONIO 17 0,-98.452635,29.48639907,23
1601,SAN ANTONIO 18 0,-98.455118,29.43742186,23
1602,SAN ANTONIO 19 0,-98.455523,29.41259125,23
1603,SAN ANTONIO 2 0,-98.6067,29.58639555,23
1604,SAN ANTONIO 2 1,-98.5995,29.58639555,23
1605,SAN ANTONIO 2 2,-98.5995,29.58138646,23
1606,SAN ANTONIO 2 3,-98.60886,29.58232568,23
1607,SAN ANTONIO 2 4,-98.60886,29.58107338,23
1608,SAN ANTONIO 2 5,-98.60886,29.57982107,23
1609,SAN ANTONIO 2 6,-98.60886,29.57856873,23
1610,SAN ANTONIO 2 7,-98.60886,29.57731639,23
1611,SAN ANTONIO 2 8,-98.60886,29.57606403,23
1612,SAN ANTONIO 2 9,-98.60886,29.57481165,23
1613,SAN ANTONIO 20 0,-98.460801,29.39326677,23
1614,SAN ANTONIO 21 0,-98.470985,29.58613354,23
1615,SAN ANTONIO 22 0,-98.474732,29.27576788,23
1616,SAN ANTONIO 22 1,-98.470412,29.27576788,23
1617,SAN ANTONIO 23 0,-98.476915,29.43872189,23
1618,SAN ANTONIO 24 0,-98.483128,29.69495125,23
1619,SAN ANTONIO 25 0,-98.484282,29.53475827,23
1620,SAN ANTONIO 26 0,-98.489101,29.19754896,23
1621,SAN ANTONIO 27 0,-98.490053,29.46210347,23
1622,SAN ANTONIO 28 0,-98.493826,29.63159367,23
1623,SAN ANTONIO 29 0,-98.501428,29.40189498,23
1624,SAN ANTONIO 3 0,-98.33552,29.65369722,24
1625,SAN ANTONIO 30 0,-98.51943,29.51389475,23
1626,SAN ANTONIO 31 0,-98.521662,29.58752358,23
1627,SAN ANTONIO 32 0,-98.521623,29.41989543,23
1628,SAN ANTONIO 32 1,-98.517303,29.41989543,23
1629,SAN ANTONIO 33 0,-98.522419,29.38547658,23
1630,SAN ANTONIO 34 0,-98.525289,29.46590556,23
1631,SAN ANTONIO 35 0,-98.527536,29.30295554,23
1632,SAN ANTONIO 36 0,-98.552964,29.54278347,23
1633,SAN ANTONIO 37 0,-98.565131,29.49920139,23
1634,SAN ANTONIO 37 1,-98.560811,29.49920139,23
1635,SAN ANTONIO 37 2,-98.565131,29.49418797,23
1636,SAN ANTONIO 38 0,-98.566452,29.34002446,23
1637,SAN ANTONIO 39 0,-98.567338,29.41862439,23
1638,SAN ANTONIO 4 0,-98.344483,29.4716397,24
1639,SAN ANTONIO 40 0,-98.567679,29.45813837,23
1640,SAN ANTONIO 41 0,-98.579854,29.65798233,23
1641,SAN ANTONIO 42 0,-98.589811,29.36892617,23
1642,SAN ANTONIO 43 0,-98.614155,29.46895664,23
1643,SAN ANTONIO 44 0,-98.620448,29.62222144,23
1644,SAN ANTONIO 45 0,-98.626703,29.40411504,23
1645,SAN ANTONIO 46 0,-98.652613,29.64984712,23
1646,SAN ANTONIO 47 0,-98.660316,29.50094643,23
1647,SAN ANTONIO 47 1,-98.655996,29.50094643,23
1648,SAN ANTONIO 47 2,-98.660316,29.4984398,23
1649,SAN ANTONIO 48 0,-98.673185,29.4594984,23
1650,SAN ANTONIO 49 0,-98.702028,29.33882643,23
1651,SAN ANTONIO 5 0,-98.356683,29.55353273,24
1652,SAN ANTONIO 50 0,-98.726354,29.3983799,23
1653,SAN ANTONIO 50 1,-98.722034,29.3983799,23
1654,SAN ANTONIO 50 2,-98.726354,29.39461612,23
1655,SAN ANTONIO 51 0,-98.730432,29.53527628,23
1656,SAN ANTONIO 51 1,-98.726112,29.53527628,23
1657,SAN ANTONIO 52 0,-98.882335,29.35474082,23
1658,SAN ANTONIO 52 1,-98.878015,29.35474082,23
1659,SAN ANTONIO 52 2,-98.882335,29.35223058,23
1660,SAN ANTONIO 6 0,-98.359361,29.51613081,24
1661,SAN ANTONIO 7 0,-98.368289,29.35242976,24
1662,SAN ANTONIO 8 0,-98.383761,29.44414203,24
1663,SAN ANTONIO 9 0,-98.390714,29.41564232,24
1664,SAN BENITO 0,-97.620292,26.09962036,20
1665,SAN DIEGO 0,-98.376775,27.84319174,19
1666,SAN JUAN 0,-98.110512,26.13807549,20
1667,SAN JUAN 1,-98.099712,26.13807549,20
1668,SAN MARCOS 0,-97.961844,29.87766481,24
1669,SAN MARCOS 1,-97.957524,29.87766481,24
1670,SAN MARCOS 2,-97.961844,29.87516756,24
1671,SAN PERLITA 0,-97.680311,26.46883291,20
1672,SAN PERLITA 1,-97.669511,26.46883291,20
1673,SAN SABA 0,-98.754991,31.15093139,16
1674,SAN YGNACIO 0,-99.32183,27.1218249,19
1675,SANDERSON 0,-101.961461,30.02183319,11
1676,SANDIA 0,-97.953915,28.08680909,7
1677,SANGER 0,-97.209759,33.37064586,12
1678,SANTA ANNA 0,-99.371601,31.5091778,16
1679,SANTA FE 1 0,-95.028727,29.3010435,13
1680,SANTA FE 2 0,-95.127478,29.361958,13
1681,SANTA MARIA 0,-97.731451,26.04624441,20
1682,SANTA ROSA 1 0,-97.858012,26.26322643,20
1683,SANTA ROSA 1 1,-97.863412,26.25273374,20
1684,SANTA ROSA 1 2,-97.863412,26.24950503,20
1685,SANTA ROSA 1 3,-97.863412,26.24627623,20
1686,SANTA ROSA 1 4,-97.863412,26.24304734,20
1687,SANTA ROSA 1 5,-97.863412,26.23981836,20
1688,SANTA ROSA 1 6,-97.863412,26.23658929,20
1689,SANTA ROSA 1 7,-97.863412,26.23336013,20
1690,SANTA ROSA 1 8,-97.863412,26.23013088,20
1691,SANTA ROSA 1 9,-97.863412,26.22690154,20
1692,SANTA ROSA 2 0,-97.785892,26.33880464,20
1693,SANTO 0,-98.16376,32.59443717,18
1694,SARITA 1 0,-97.771167,27.21665334,7
1695,SARITA 1 1,-97.753167,27.21665334,7
1696,SARITA 1 2,-97.776567,27.20624824,7
1697,SARITA 2 0,-97.5391,27.11329141,7
1698,SARITA 2 1,-97.5283,27.11329141,7
1699,SARITA 3 0,-97.4969,27.06378858,7
1700,SARITA 3 1,-97.4861,27.06378858,7
1701,SAVOY 0,-96.349605,33.62214772,22
1702,SAVOY 1,-96.331605,33.62214772,22
1703,SAVOY 2,-96.355005,33.61540252,22
1704,SAVOY 3,-96.355005,33.61240449,22
1705,SAVOY 4,-96.355005,33.60940635,22
1706,SCHERTZ 0,-98.259042,29.54456251,24
1707,SCHULENBURG 0,-96.924605,29.6800228,4
1708,SCROGGINS 0,-95.188098,33.01840504,26
1709,SCURRY 0,-96.43592,32.46232605,8
1710,SEADRIFT 0,-96.565173,28.42329411,27
1711,SEAGOVILLE 0,-96.538708,32.60337386,9
1712,SEALY 0,-96.098713,29.78889959,17
1713,SEBASTIAN 1 0,-97.6578,26.34246784,20
1714,SEBASTIAN 2 0,-97.5749,26.32426683,20
1715,SEBASTIAN 2 1,-97.5641,26.32426683,20
1716,SEGUIN 1 0,-97.966015,29.59055165,24
1717,SEGUIN 1 1,-97.958815,29.59055165,24
1718,SEGUIN 1 2,-97.958815,29.58554277,24
1719,SEGUIN 1 3,-97.968175,29.58648195,24
1720,SEGUIN 1 4,-97.968175,29.5852297,24
1721,SEGUIN 1 5,-97.968175,29.58397744,24
1722,SEGUIN 1 6,-97.968175,29.58272516,24
1723,SEGUIN 2 0,-97.926278,29.53650589,24
1724,SEGUIN 2 1,-97.915478,29.53650589,24
1725,SEYMOUR 0,-99.234765,33.61514923,21
1726,SHEFFIELD 0,-101.77553,30.59080027,11
1727,SHEPPARD AFB 0,-98.500016,33.969523,22
1728,SHERMAN 1 0,-96.599893,33.57657455,22
1729,SHERMAN 1 1,-96.581893,33.57657455,22
1730,SHERMAN 1 2,-96.605293,33.56982579,22
1731,SHERMAN 1 3,-96.605293,33.56682617,22
1732,SHERMAN 1 4,-96.605293,33.56382645,22
1733,SHERMAN 2 0,-96.534205,33.59813405,22
1734,SHERMAN 3 0,-96.758394,33.62162768,22
1735,SHINER 0,-97.074825,29.55863726,15
1736,SHIRO 0,-95.8998,30.58620197,2
1737,SHIRO 1,-95.8818,30.58620197,2
1738,SHIRO 2,-95.8818,30.57690419,2
1739,SHIRO 3,-95.9052,30.57922872,2
1740,SHIRO 4,-95.9052,30.57612933,2
1741,SHIRO 5,-95.9052,30.57302985,2
1742,SHIRO 6,-95.9052,30.56993027,2
1743,SILVER 0,-100.6737,32.04389718,1
1744,SILVER 1,-100.6557,32.04389718,1
1745,SILVER 2,-100.6791,32.03703103,1
1746,SILVER 3,-100.6791,32.03397924,1
1747,SILVER 4,-100.6791,32.03092734,1
1748,SILVERTON 0,-101.278161,34.45154106,21
1749,SIMONTON 0,-95.94866,29.685104,17
1750,SINTON 0,-97.544013,28.11524678,7
1751,SKIDMORE 0,-97.641894,28.23984617,7
1752,SMITHVILLE 0,-97.173148,30.00766429,4
1753,SNYDER 1 0,-100.9862,32.7143423,1
1754,SNYDER 1 1,-100.9916,32.7075269,1
1755,SNYDER 2 0,-100.936661,32.74100211,1
1756,SNYDER 2 1,-100.925861,32.74100211,1
1757,SNYDER 2 2,-100.925861,32.73191751,1
1758,SNYDER 2 3,-100.936661,32.7258606,1
1759,SOMERVILLE 0,-96.429114,30.46509524,4
1760,SONORA 0,-100.55162,30.43520634,16
1761,SOUTH HOUSTON 0,-95.226184,29.65852934,10
1762,SOUTHLAKE 0,-97.144982,32.9575055,12
1763,SPICEWOOD 0,-98.109055,30.42756069,3
1764,SPRING 1 0,-95.352777,30.09790234,25
1765,SPRING 2 0,-95.379646,30.05967638,25
1766,SPRING 2 1,-95.375326,30.05967638,25
1767,SPRING 3 0,-95.46476,30.13448127,25
1768,SPRING 4 0,-95.467089,30.05681431,25
1769,SPRING 5 0,-95.49736,30.17575831,25
1770,SPRING 6 0,-95.513464,30.12093692,25
1771,SPRING 7 0,-95.524599,30.03838284,25
1772,SPRING 7 1,-95.520279,30.03838284,25
1773,SPRING 7 2,-95.524599,30.03464299,25
1774,SPRING 8 0,-95.543891,30.19249573,25
1775,SPRING 8 1,-95.539571,30.19249573,25
1776,SPRING BRANCH 0,-98.387367,29.89226317,24
1777,SPRINGTOWN 0,-97.693,32.85064858,18
1778,SPUR 0,-100.705732,33.33503781,21
1779,STAFFORD 0,-95.564368,29.62180643,17
1780,STAMFORD 0,-99.841964,32.93486832,1
1781,STANTON 0,-101.745488,32.48374469,11
1782,STEPHENVILLE 0,-98.185917,32.27614772,14
1783,STEPHENVILLE 1,-98.175117,32.27614772,14
1784,STERLING CITY 1 0,-100.9101,31.91998893,1
1785,STERLING CITY 1 1,-100.8921,31.91998893,1
1786,STERLING CITY 1 2,-100.9155,31.90700157,1
1787,STERLING CITY 1 3,-100.9155,31.90394546,1
1788,STERLING CITY 1 4,-100.9155,31.90088924,1
1789,STERLING CITY 1 5,-100.9155,31.89783292,1
1790,STERLING CITY 2 0,-100.782389,31.94583465,1
1791,STERLING CITY 2 1,-100.787789,31.93896115,1
1792,STERLING CITY 2 2,-100.787789,31.9359061,1
1793,STRAWN 0,-98.657449,32.75331795,18
1794,STREETMAN 0,-96.320922,31.75911827,2
1795,SUGAR LAND 1 0,-95.602093,29.61780833,17
1796,SUGAR LAND 2 0,-95.631696,29.564491,17
1797,SUGAR LAND 2 1,-95.627376,29.564491,17
1798,SUGAR LAND 2 2,-95.631696,29.56073339,17
1799,SUGAR LAND 3 0,-95.703769,29.66750156,17
1800,SUGAR LAND 3 1,-95.699449,29.66750156,17
1801,SUGAR LAND 3 2,-95.703769,29.66374779,17
1802,SULLIVAN CITY 0,-98.558191,26.24726954,20
1803,SULPHUR SPRINGS 0,-95.599219,33.16195189,26
1804,SUMNER 0,-95.735327,33.73924888,22
1805,SUNNYVALE 0,-96.543963,32.79808915,9
1806,SUNSET 0,-97.742818,33.44998376,22
1807,SUTHERLAND SPRINGS 0,-98.053416,29.29098725,24
1808,SWEENY 0,-95.725948,28.92679147,5
1809,SWEETWATER 1 0,-100.1196,32.40202118,1
1810,SWEETWATER 2 0,-100.4129,32.2847463,1
1811,SWEETWATER 3 0,-100.3757,32.34111708,1
1812,SWEETWATER 4 0,-100.3299,32.35451798,1
1813,SWEETWATER 4 1,-100.3353,32.34767522,1
1814,SWEETWATER 5 0,-100.201748,32.27968732,1
1815,SYNDER 0,-100.729949,32.73323759,1
1816,SYNDER 1,-100.735349,32.72642363,1
1817,SYNDER 2,-100.735349,32.72339503,1
1818,TAFT 1 0,-97.2859,27.98944234,7
1819,TAFT 1 1,-97.2751,27.98944234,7
1820,TAFT 2 0,-97.45428,27.93605563,7
1821,TAFT 2 1,-97.44996,27.93605563,7
1822,TAYLOR 0,-97.380511,30.4629716,3
1823,TEAGUE 0,-96.220757,31.4727594,2
1824,TELEPHONE 0,-95.987823,33.77273122,22
1825,TEMPLE 1 0,-97.306422,31.04966481,28
1826,TEMPLE 1 1,-97.288422,31.04966481,28
1827,TEMPLE 1 2,-97.311822,31.03964065,28
1828,TEMPLE 1 3,-97.311822,31.03655609,28
1829,TEMPLE 1 4,-97.311822,31.03347142,28
1830,TEMPLE 2 0,-97.243433,31.06913607,28
1831,TEMPLE 3 0,-97.364626,31.13172214,28
1832,TENNESSEE COLONY 0,-95.971743,31.92589933,2
1833,TERRELL 1 0,-96.158366,32.73241453,9
1834,TERRELL 1 1,-96.147566,32.73241453,9
1835,TERRELL 2 0,-96.297723,32.755986,9
1836,TEXAS CITY 1 0,-94.915829,29.38888766,13
1837,TEXAS CITY 1 1,-94.911509,29.38888766,13
1838,TEXAS CITY 2 0,-94.993654,29.39669385,13
1839,THE COLONY 0,-96.908791,33.06787852,9
1840,THOMPSONS 0,-95.6239,29.48029292,17
1841,THOMPSONS 1,-95.6167,29.48029292,17
1842,THOMPSONS 10,-95.62606,29.46869686,17
1843,THOMPSONS 11,-95.62606,29.46744316,17
1844,THOMPSONS 12,-95.62606,29.46618943,17
1845,THOMPSONS 13,-95.62606,29.46493569,17
1846,THOMPSONS 14,-95.62606,29.46368194,17
1847,THOMPSONS 15,-95.62606,29.46242817,17
1848,THOMPSONS 2,-95.6167,29.47402495,17
1849,THOMPSONS 3,-95.62606,29.47747238,17
1850,THOMPSONS 4,-95.62606,29.47621878,17
1851,THOMPSONS 5,-95.62606,29.47496517,17
1852,THOMPSONS 6,-95.62606,29.47371154,17
1853,THOMPSONS 7,-95.62606,29.47245789,17
1854,THOMPSONS 8,-95.62606,29.47120423,17
1855,THOMPSONS 9,-95.62606,29.46995055,17
1856,THORNTON 0,-96.599952,31.29343567,28
1857,THREE RIVERS 0,-98.564186,28.30400799,19
1858,THROCKMORTON 0,-99.256034,33.18168624,6
1859,TIOGA 0,-96.889124,33.4622404,22
1860,TOLAR 0,-97.915354,32.35656712,14
1861,TOMBALL 1 0,-95.582226,30.0923942,25
1862,TOMBALL 2 0,-95.677904,30.05923437,25
1863,TRENT 1 0,-100.226652,32.42402266,1
1864,TRENT 1 1,-100.232052,32.41110696,1
1865,TRENT 2 0,-100.203875,32.65879753,1
1866,TRENTON 0,-96.302485,33.4331166,22
1867,TRINIDAD 1 0,-96.090477,32.11842116,2
1868,TRINIDAD 1 1,-96.079677,32.11842116,2
1869,TRINIDAD 1 2,-96.079677,32.10622425,2
1870,TRINIDAD 2 0,-96.10982,32.16048897,2
1871,TROY 0,-97.256253,31.18974591,28
1872,TUSCOLA 0,-99.817041,32.26799317,1
1873,TUSOCOLA 0,-99.998267,32.29780317,1
1874,TYLER 1 0,-95.077688,32.35654912,26
1875,TYLER 2 0,-95.168964,32.29543701,26
1876,TYLER 3 0,-95.20407,32.41233387,26
1877,TYLER 4 0,-95.291423,32.31585238,26
1878,TYLER 4 1,-95.280623,32.31585238,26
1879,TYLER 5 0,-95.298879,32.46348032,26
1880,TYLER 6 0,-95.306262,32.35635211,26
1881,TYLER 7 0,-95.310228,32.22897555,26
1882,TYLER 7 1,-95.299428,32.22897555,26
1883,TYLER 8 0,-95.381814,32.29814919,26
1884,TYLER 9 0,-95.434348,32.40702852,26
1885,UNIVERSAL CITY 0,-98.273899,29.52346299,24
1886,UVALDE 0,-100.00687,29.14472377,16
1887,VALLEY MILLS 0,-97.497079,31.65603046,28
1888,VALLEY VIEW 0,-97.124952,33.45562521,22
1889,VAN 0,-95.634977,32.52909875,26
1890,VAN ALSTYNE 0,-96.546313,33.43325659,22
1891,VAN HORN 0,-104.615514,31.08731425,11
1892,VAN VLECK 0,-95.93209,29.12637965,5
1893,VENUS 0,-97.086728,32.42389101,12
1894,VERNON 1 0,-99.355722,34.28405117,21
1895,VERNON 1 1,-99.361122,34.27735824,21
1896,VERNON 2 0,-99.764497,33.89383669,21
1897,VICTORIA 1 0,-96.945214,28.66877085,27
1898,VICTORIA 1 1,-96.934414,28.66877085,27
1899,VICTORIA 1 2,-96.934414,28.65929442,27
1900,VICTORIA 2 0,-96.992,28.78198969,27
1901,VICTORIA 2 1,-96.974,28.78198969,27
1902,VICTORIA 2 2,-96.974,28.77252352,27
1903,VICTORIA 2 3,-96.9974,28.77489014,27
1904,VICTORIA 2 4,-96.9974,28.77173463,27
1905,VICTORIA 3 0,-97.187882,28.66409553,27
1906,VICTORIA 3 1,-97.177082,28.66409553,27
1907,VON ORMY 0,-98.618842,29.24140203,23
1908,WACO 1 0,-97.073054,31.46953019,28
1909,WACO 1 1,-97.062254,31.46953019,28
1910,WACO 2 0,-97.08771,31.61482274,28
1911,WACO 2 1,-97.07691,31.61482274,28
1912,WACO 3 0,-97.118249,31.57068984,28
1913,WACO 4 0,-97.143983,31.50761769,28
1914,WACO 5 0,-97.186009,31.5335864,28
1915,WACO 6 0,-97.206893,31.62099215,28
1916,WADSWORTH 0,-96.0301,28.7886901,5
1917,WADSWORTH 1,-96.0121,28.7886901,5
1918,WADSWORTH 2,-96.0121,28.77922453,5
1919,WADSWORTH 3,-96.0355,28.781591,5
1920,WADSWORTH 4,-96.0355,28.77843569,5
1921,WAELDER 0,-97.292328,29.6944907,15
1922,WALLER 0,-95.928664,30.07710082,25
1923,WALLIS 0,-96.051505,29.63023064,5
1924,WALNUT SPRINGS 0,-97.727712,32.07742142,14
1925,WASHINGTON 0,-96.180365,30.28071853,4
1926,WAXAHACHIE 1 0,-96.781344,32.36976855,8
1927,WAXAHACHIE 2 0,-96.911923,32.35839625,8
1928,WEATHERFORD 1 0,-97.778698,32.68030895,18
1929,WEATHERFORD 2 0,-97.787485,32.75254191,18
1930,WEATHERFORD 3 0,-97.894219,32.84235401,18
1931,WEBSTER 0,-95.1325,29.5361343,10
1932,WEIMAR 0,-96.643467,29.48235654,4
1933,WESLACO 0,-97.980155,26.15215927,20
1934,WEST 0,-97.234292,31.81007264,28
1935,WEST COLUMBIA 0,-95.674469,29.14932805,5
1936,WHARTON 1 0,-96.0503,29.28152016,5
1937,WHARTON 1 1,-96.0323,29.28152016,5
1938,WHARTON 1 2,-96.0323,29.26581886,5
1939,WHARTON 1 3,-96.0557,29.27445487,5
1940,WHARTON 1 4,-96.0557,29.27131459,5
1941,WHARTON 1 5,-96.0557,29.26817421,5
1942,WHARTON 1 6,-96.0557,29.26503374,5
1943,WHARTON 1 7,-96.0557,29.26189316,5
1944,WHARTON 2 0,-96.182821,29.34281993,5
1945,WHEELER 0,-100.756905,35.82492539,21
1946,WHITE DEER 0,-101.2349,35.47303662,21
1947,WHITE DEER 1,-101.2403,35.4635077,21
1948,WHITEHOUSE 0,-95.211644,32.21548565,26
1949,WHITESBORO 0,-96.927121,33.73790578,22
1950,WHITEWRIGHT 0,-96.387115,33.48857244,22
1951,WHITNEY 0,-97.321421,31.95359217,14
1952,WICHITA FALLS 1 0,-98.4751,33.90732463,22
1953,WICHITA FALLS 1 1,-98.4571,33.90732463,22
1954,WICHITA FALLS 1 2,-98.4805,33.90060185,22
1955,WICHITA FALLS 1 3,-98.4805,33.89761377,22
1956,WICHITA FALLS 2 0,-98.5804,33.85652108,22
1957,WICHITA FALLS 2 1,-98.5858,33.84979428,22
1958,WICHITA FALLS 2 2,-98.5858,33.84680443,22
1959,WICHITA FALLS 2 3,-98.5858,33.84381447,22
1960,WICHITA FALLS 3 0,-98.379757,33.99881406,22
1961,WICHITA FALLS 4 0,-98.482046,33.85853622,22
1962,WICHITA FALLS 5 0,-98.50084,33.79310164,22
1963,WICHITA FALLS 6 0,-98.514064,33.93781077,22
1964,WICHITA FALLS 7 0,-98.53467,33.88896435,22
1965,WILLIS 1 0,-95.5106,30.42939197,25
1966,WILLIS 1 1,-95.4998,30.42939197,25
1967,WILLIS 1 2,-95.5106,30.42007918,25
1968,WILLIS 2 0,-95.353072,30.46516825,25
1969,WILLIS 2 1,-95.342272,30.46516825,25
1970,WILLOW CITY 0,-98.699714,30.43086106,16
1971,WILLS POINT 0,-95.985666,32.69721014,26
1972,WILMER 0,-96.670733,32.60276584,9
1973,WIMBERLEY 0,-98.139176,30.03195568,3
1974,WINCHESTER 0,-96.9695,30.03186682,4
1975,WINCHESTER 1,-96.9515,30.03186682,4
1976,WINCHESTER 2,-96.9515,30.02251631,4
1977,WINCHESTER 3,-96.9749,30.02797088,4
1978,WINCHESTER 4,-96.9749,30.02485402,4
1979,WINCHESTER 5,-96.9749,30.02173706,4
1980,WINDTHORST 0,-98.448627,33.50662469,22
1981,WINGATE 0,-100.03912,32.20793214,1
1982,WINGATE 1,-100.02112,32.20793214,1
1983,WINGATE 2,-100.04452,32.1949856,1
1984,WINGATE 3,-100.04452,32.19193908,1
1985,WINGATE 4,-100.04452,32.18889247,1
1986,WINNIE 0,-94.594021,29.86230218,10
1987,WINONA 0,-95.097353,32.47616418,26
1988,WINTERS 0,-100.156338,31.85240045,1
1989,WOLFE CITY 0,-95.936707,33.41486233,9
1990,WOODSBORO 0,-97.373251,28.18073966,7
1991,WOODWAY 0,-97.251442,31.52352674,28
1992,WORTHAM 0,-96.424735,31.88736677,2
1993,WYLIE 0,-96.531336,33.00971993,9
1994,YANTIS 0,-95.559154,32.91904924,26
1995,YOAKUM 0,-97.065533,29.19605291,15
1996,YOAKUM 1,-97.054733,29.19605291,15
1997,YORKTOWN 0,-97.419562,28.8514279,15
1998,ZAPATA 0,-99.153765,26.92450963,20
1999,ZAVALLA 0,-94.366214,31.13221917,26
2000,ZEPHYR 0,-98.767277,31.68055008,6
